scenario,site,window,layer,threshold,feasible,area_fraction,selected_patches,obj_value
pure_reference,DBO1,1993_1997,pure,0.05,True,0.03256621797655232,75.0,75.0
pure_reference,DBO1,1993_1997,pure,0.1,True,0.06990881458966565,161.0,161.0
pure_reference,DBO1,1993_1997,pure,0.15,True,0.10985670864090318,253.0,253.0
pure_reference,DBO1,1993_1997,pure,0.2,True,0.15240990013026487,351.0,351.0
pure_reference,DBO1,1993_1997,pure,0.25,True,0.19756838905775076,455.0,455.0
pure_reference,DBO1,1993_1997,pure,0.3,True,0.24402952670429873,562.0,562.0
pure_reference,DBO1,1993_1997,pure,0.35,True,0.29222752930959617,673.0,673.0
pure_reference,DBO1,1993_1997,pure,0.4,True,0.34129396439426835,786.0,786.0
pure_reference,DBO1,1993_1997,pure,0.45,True,0.39122883195831526,901.0,901.0
pure_reference,DBO1,1993_1997,pure,0.5,True,0.4411636995223621,1016.0,1016.0
pure_reference,DBO1,1993_1997,pure,0.55,True,0.49109856708640903,1131.0,1131.0
pure_reference,DBO1,1993_1997,pure,0.6,True,0.5414676508901433,1247.0,1247.0
pure_reference,DBO1,1993_1997,pure,0.65,True,0.5914025184541902,1362.0,1362.0
pure_reference,DBO1,1993_1997,pure,0.7,True,0.6417716022579244,1478.0,1478.0
pure_reference,DBO1,1993_1997,pure,0.75,True,0.6934433347807208,1597.0,1597.0
pure_reference,DBO1,1993_1997,pure,0.8,True,0.7468519322622666,1720.0,1720.0
pure_reference,DBO1,1993_1997,pure,0.85,True,0.8019973947025619,1847.0,1847.0
pure_reference,DBO1,1993_1997,pure,0.9,True,0.860616587060356,1982.0,1982.0
pure_reference,DBO1,1993_1997,pure,0.95,True,0.9231437255753365,2126.0,2126.0
pure_reference,DBO1,2009_2013,pure,0.05,True,0.028658271819366043,66.0,66.0
pure_reference,DBO1,2009_2013,pure,0.1,True,0.060790273556231005,140.0,140.0
pure_reference,DBO1,2009_2013,pure,0.15,True,0.09683022145028224,223.0,223.0
pure_reference,DBO1,2009_2013,pure,0.2,True,0.13547546678245767,312.0,312.0
pure_reference,DBO1,2009_2013,pure,0.25,True,0.17672600955275727,407.0,407.0
pure_reference,DBO1,2009_2013,pure,0.3,True,0.22058184976118106,508.0,508.0
pure_reference,DBO1,2009_2013,pure,0.35,True,0.26660877116804166,614.0,614.0
pure_reference,DBO1,2009_2013,pure,0.4,True,0.31350412505427705,722.0,722.0
pure_reference,DBO1,2009_2013,pure,0.45,True,0.36083369518019975,831.0,831.0
pure_reference,DBO1,2009_2013,pure,0.5,True,0.4085974815458098,941.0,941.0
pure_reference,DBO1,2009_2013,pure,0.55,True,0.45679548415110727,1052.0,1052.0
pure_reference,DBO1,2009_2013,pure,0.6,True,0.5058619192357794,1165.0,1165.0
pure_reference,DBO1,2009_2013,pure,0.65,True,0.5557967867998264,1280.0,1280.0
pure_reference,DBO1,2009_2013,pure,0.7,True,0.6074685193226227,1399.0,1399.0
pure_reference,DBO1,2009_2013,pure,0.75,True,0.6600086843247938,1520.0,1520.0
pure_reference,DBO1,2009_2013,pure,0.8,True,0.7147199305254016,1646.0,1646.0
pure_reference,DBO1,2009_2013,pure,0.85,True,0.7729049066435084,1780.0,1780.0
pure_reference,DBO1,2009_2013,pure,0.9,True,0.8358662613981763,1925.0,1925.0
pure_reference,DBO1,2009_2013,pure,0.95,True,0.9066435084672166,2088.0,2088.0
pure_reference,DBO1,2012_2016,pure,0.05,True,0.04125054277029961,95.0,95.0
pure_reference,DBO1,2012_2016,pure,0.1,True,0.08293530178028659,191.0,191.0
pure_reference,DBO1,2012_2016,pure,0.15,True,0.12592270950933565,290.0,290.0
pure_reference,DBO1,2012_2016,pure,0.2,True,0.16977854971775944,391.0,391.0
pure_reference,DBO1,2012_2016,pure,0.25,True,0.21493703864524533,495.0,495.0
pure_reference,DBO1,2012_2016,pure,0.3,True,0.26052974381241856,600.0,600.0
pure_reference,DBO1,2012_2016,pure,0.35,True,0.30742509769865395,708.0,708.0
pure_reference,DBO1,2012_2016,pure,0.4,True,0.35475466782457665,817.0,817.0
pure_reference,DBO1,2012_2016,pure,0.45,True,0.4029526704298741,928.0,928.0
pure_reference,DBO1,2012_2016,pure,0.5,True,0.4515848892748589,1040.0,1040.0
pure_reference,DBO1,2012_2016,pure,0.55,True,0.5010855405992184,1154.0,1154.0
pure_reference,DBO1,2012_2016,pure,0.6,True,0.5505861919235779,1268.0,1268.0
pure_reference,DBO1,2012_2016,pure,0.65,True,0.6005210594876248,1383.0,1383.0
pure_reference,DBO1,2012_2016,pure,0.7,True,0.6508901432913591,1499.0,1499.0
pure_reference,DBO1,2012_2016,pure,0.75,True,0.7021276595744681,1617.0,1617.0
pure_reference,DBO1,2012_2016,pure,0.8,True,0.7551020408163265,1739.0,1739.0
pure_reference,DBO1,2012_2016,pure,0.85,True,0.8098132870169344,1865.0,1865.0
pure_reference,DBO1,2012_2016,pure,0.9,True,0.8679982631350412,1999.0,1999.0
pure_reference,DBO1,2012_2016,pure,0.95,True,0.9305254016500217,2143.0,2143.0
pure_reference,DBO1,2017_2020,pure,0.05,True,0.03864524533217542,89.0,89.0
pure_reference,DBO1,2017_2020,pure,0.1,True,0.08076422058184976,186.0,186.0
pure_reference,DBO1,2017_2020,pure,0.15,True,0.12462006079027356,287.0,287.0
pure_reference,DBO1,2017_2020,pure,0.2,True,0.16977854971775944,391.0,391.0
pure_reference,DBO1,2017_2020,pure,0.25,True,0.2153712548849327,496.0,496.0
pure_reference,DBO1,2017_2020,pure,0.3,True,0.26226660877116803,604.0,604.0
pure_reference,DBO1,2017_2020,pure,0.35,True,0.30959617889709073,713.0,713.0
pure_reference,DBO1,2017_2020,pure,0.4,True,0.3577941815023882,824.0,824.0
pure_reference,DBO1,2017_2020,pure,0.45,True,0.40686061658706035,937.0,937.0
pure_reference,DBO1,2017_2020,pure,0.5,True,0.4563612679114199,1051.0,1051.0
pure_reference,DBO1,2017_2020,pure,0.55,True,0.5062961354754668,1166.0,1166.0
pure_reference,DBO1,2017_2020,pure,0.6,True,0.5562310030395137,1281.0,1281.0
pure_reference,DBO1,2017_2020,pure,0.65,True,0.606600086843248,1397.0,1397.0
pure_reference,DBO1,2017_2020,pure,0.7,True,0.6574033868866695,1514.0,1514.0
pure_reference,DBO1,2017_2020,pure,0.75,True,0.7090751194094659,1633.0,1633.0
pure_reference,DBO1,2017_2020,pure,0.8,True,0.761615284411637,1754.0,1754.0
pure_reference,DBO1,2017_2020,pure,0.85,True,0.8158923143725575,1879.0,1879.0
pure_reference,DBO1,2017_2020,pure,0.9,True,0.8714719930525402,2007.0,2007.0
pure_reference,DBO1,2017_2020,pure,0.95,True,0.9305254016500217,2143.0,2143.0
pure_reference,DBO4,2007_2011,pure,0.05,True,0.023923444976076555,30.0,30.0
pure_reference,DBO4,2007_2011,pure,0.1,True,0.051036682615629984,64.0,64.0
pure_reference,DBO4,2007_2011,pure,0.15,True,0.07974481658692185,100.0,100.0
pure_reference,DBO4,2007_2011,pure,0.2,True,0.11164274322169059,140.0,140.0
pure_reference,DBO4,2007_2011,pure,0.25,True,0.145933014354067,183.0,183.0
pure_reference,DBO4,2007_2011,pure,0.3,True,0.18181818181818182,228.0,228.0
pure_reference,DBO4,2007_2011,pure,0.35,True,0.22169059011164274,278.0,278.0
pure_reference,DBO4,2007_2011,pure,0.4,True,0.26395534290271133,331.0,331.0
pure_reference,DBO4,2007_2011,pure,0.45,True,0.30861244019138756,387.0,387.0
pure_reference,DBO4,2007_2011,pure,0.5,True,0.35645933014354064,447.0,447.0
pure_reference,DBO4,2007_2011,pure,0.55,True,0.4059011164274322,509.0,509.0
pure_reference,DBO4,2007_2011,pure,0.6,True,0.45773524720893144,574.0,574.0
pure_reference,DBO4,2007_2011,pure,0.65,True,0.511164274322169,641.0,641.0
pure_reference,DBO4,2007_2011,pure,0.7,True,0.5669856459330144,711.0,711.0
pure_reference,DBO4,2007_2011,pure,0.75,True,0.6236044657097288,782.0,782.0
pure_reference,DBO4,2007_2011,pure,0.8,True,0.682615629984051,856.0,856.0
pure_reference,DBO4,2007_2011,pure,0.85,True,0.7456140350877193,935.0,935.0
pure_reference,DBO4,2007_2011,pure,0.9,True,0.8125996810207337,1019.0,1019.0
pure_reference,DBO4,2007_2011,pure,0.95,True,0.8883572567783095,1114.0,1114.0
pure_reference,DBO4,2009_2013,pure,0.05,True,0.025518341307814992,32.0,32.0
pure_reference,DBO4,2009_2013,pure,0.1,True,0.05263157894736842,66.0,66.0
pure_reference,DBO4,2009_2013,pure,0.15,True,0.08213716108452951,103.0,103.0
pure_reference,DBO4,2009_2013,pure,0.2,True,0.11323763955342903,142.0,142.0
pure_reference,DBO4,2009_2013,pure,0.25,True,0.14752791068580542,185.0,185.0
pure_reference,DBO4,2009_2013,pure,0.3,True,0.18341307814992025,230.0,230.0
pure_reference,DBO4,2009_2013,pure,0.35,True,0.22248803827751196,279.0,279.0
pure_reference,DBO4,2009_2013,pure,0.4,True,0.2623604465709729,329.0,329.0
pure_reference,DBO4,2009_2013,pure,0.45,True,0.30462519936204147,382.0,382.0
pure_reference,DBO4,2009_2013,pure,0.5,True,0.3492822966507177,438.0,438.0
pure_reference,DBO4,2009_2013,pure,0.55,True,0.3963317384370016,497.0,497.0
pure_reference,DBO4,2009_2013,pure,0.6,True,0.44657097288676234,560.0,560.0
pure_reference,DBO4,2009_2013,pure,0.65,True,0.5,627.0,627.0
pure_reference,DBO4,2009_2013,pure,0.7,True,0.5550239234449761,696.0,696.0
pure_reference,DBO4,2009_2013,pure,0.75,True,0.6116427432216905,767.0,767.0
pure_reference,DBO4,2009_2013,pure,0.8,True,0.671451355661882,842.0,842.0
pure_reference,DBO4,2009_2013,pure,0.85,True,0.7344497607655502,921.0,921.0
pure_reference,DBO4,2009_2013,pure,0.9,True,0.8022328548644339,1006.0,1006.0
pure_reference,DBO4,2009_2013,pure,0.95,True,0.8779904306220095,1101.0,1101.0
pure_reference,DBO4,2012_2016,pure,0.05,True,0.027910685805422646,35.0,35.0
pure_reference,DBO4,2012_2016,pure,0.1,True,0.05741626794258373,72.0,72.0
pure_reference,DBO4,2012_2016,pure,0.15,True,0.08931419457735247,112.0,112.0
pure_reference,DBO4,2012_2016,pure,0.2,True,0.1251993620414673,157.0,157.0
pure_reference,DBO4,2012_2016,pure,0.25,True,0.1634768740031898,205.0,205.0
pure_reference,DBO4,2012_2016,pure,0.3,True,0.20334928229665072,255.0,255.0
pure_reference,DBO4,2012_2016,pure,0.35,True,0.24481658692185007,307.0,307.0
pure_reference,DBO4,2012_2016,pure,0.4,True,0.28708133971291866,360.0,360.0
pure_reference,DBO4,2012_2016,pure,0.45,True,0.3309409888357257,415.0,415.0
pure_reference,DBO4,2012_2016,pure,0.5,True,0.3763955342902711,472.0,472.0
pure_reference,DBO4,2012_2016,pure,0.55,True,0.42424242424242425,532.0,532.0
pure_reference,DBO4,2012_2016,pure,0.6,True,0.474481658692185,595.0,595.0
pure_reference,DBO4,2012_2016,pure,0.65,True,0.529505582137161,664.0,664.0
pure_reference,DBO4,2012_2016,pure,0.7,True,0.5869218500797448,736.0,736.0
pure_reference,DBO4,2012_2016,pure,0.75,True,0.6475279106858054,812.0,812.0
pure_reference,DBO4,2012_2016,pure,0.8,True,0.7105263157894737,891.0,891.0
pure_reference,DBO4,2012_2016,pure,0.85,True,0.7743221690590112,971.0,971.0
pure_reference,DBO4,2012_2016,pure,0.9,True,0.8413078149920256,1055.0,1055.0
pure_reference,DBO4,2012_2016,pure,0.95,True,0.9114832535885168,1143.0,1143.0
pure_reference,DBO4,2016_2020,pure,0.05,True,0.030303030303030304,38.0,38.0
pure_reference,DBO4,2016_2020,pure,0.1,True,0.06379585326953748,80.0,80.0
pure_reference,DBO4,2016_2020,pure,0.15,True,0.09808612440191387,123.0,123.0
pure_reference,DBO4,2016_2020,pure,0.2,True,0.1339712918660287,168.0,168.0
pure_reference,DBO4,2016_2020,pure,0.25,True,0.17065390749601275,214.0,214.0
pure_reference,DBO4,2016_2020,pure,0.3,True,0.20893141945773525,262.0,262.0
pure_reference,DBO4,2016_2020,pure,0.35,True,0.24800637958532695,311.0,311.0
pure_reference,DBO4,2016_2020,pure,0.4,True,0.2886762360446571,362.0,362.0
pure_reference,DBO4,2016_2020,pure,0.45,True,0.3317384370015949,416.0,416.0
pure_reference,DBO4,2016_2020,pure,0.5,True,0.37559808612440193,471.0,471.0
pure_reference,DBO4,2016_2020,pure,0.55,True,0.4218500797448166,529.0,529.0
pure_reference,DBO4,2016_2020,pure,0.6,True,0.4696969696969697,589.0,589.0
pure_reference,DBO4,2016_2020,pure,0.65,True,0.5199362041467305,652.0,652.0
pure_reference,DBO4,2016_2020,pure,0.7,True,0.5717703349282297,717.0,717.0
pure_reference,DBO4,2016_2020,pure,0.75,True,0.6251993620414673,784.0,784.0
pure_reference,DBO4,2016_2020,pure,0.8,True,0.682615629984051,856.0,856.0
pure_reference,DBO4,2016_2020,pure,0.85,True,0.74481658692185,934.0,934.0
pure_reference,DBO4,2016_2020,pure,0.9,True,0.8141945773524721,1021.0,1021.0
pure_reference,DBO4,2016_2020,pure,0.95,True,0.8939393939393939,1121.0,1121.0
baseline,DBO1,1993_1997,ice,0.05,True,0.03821102909248806,88.0,88.0
baseline,DBO1,1993_1997,ice,0.1,True,0.08336951801997394,192.0,192.0
baseline,DBO1,1993_1997,ice,0.15,True,0.1328701693443335,306.0,306.0
baseline,DBO1,1993_1997,ice,0.2,True,0.1862787668258793,429.0,429.0
baseline,DBO1,1993_1997,ice,0.25,True,0.2409900130264872,555.0,555.0
baseline,DBO1,1993_1997,ice,0.3,True,0.2965696917064698,683.0,683.0
baseline,DBO1,1993_1997,ice,0.35,True,0.3530178028658272,813.0,813.0
baseline,DBO1,1993_1997,ice,0.4,True,0.411202778983934,947.0,947.0
baseline,DBO1,1993_1997,ice,0.45,True,0.4715588363004776,1086.0,1086.0
baseline,DBO1,1993_1997,ice,0.5,True,0.534085974815458,1230.0,1230.0
baseline,DBO1,1993_1997,ice,0.55,True,0.6000868432479375,1382.0,1382.0
baseline,DBO1,1993_1997,ice,0.6,True,0.667390360399479,1537.0,1537.0
baseline,DBO1,1993_1997,ice,0.65,True,0.7359965262700825,1695.0,1695.0
baseline,DBO1,1993_1997,ice,0.7,True,0.8063395570994355,1857.0,1857.0
baseline,DBO1,1993_1997,ice,0.75,True,0.8810247503256622,2029.0,2029.0
baseline,DBO1,1993_1997,ice,0.8,True,0.9635258358662614,2219.0,2219.0
baseline,DBO1,1993_1997,ice,0.85,False,,,
baseline,DBO1,1993_1997,ice,0.9,False,,,
baseline,DBO1,1993_1997,ice,0.95,False,,,
baseline,DBO1,2009_2013,ice,0.05,True,0.03300043421623969,76.0,76.0
baseline,DBO1,2009_2013,ice,0.1,True,0.07207989578810248,166.0,166.0
baseline,DBO1,2009_2013,ice,0.15,True,0.11550151975683891,266.0,266.0
baseline,DBO1,2009_2013,ice,0.2,True,0.16283108988276163,375.0,375.0
baseline,DBO1,2009_2013,ice,0.25,True,0.21406860616587062,493.0,493.0
baseline,DBO1,2009_2013,ice,0.3,True,0.26660877116804166,614.0,614.0
baseline,DBO1,2009_2013,ice,0.35,True,0.3200173686495875,737.0,737.0
baseline,DBO1,2009_2013,ice,0.4,True,0.3755970473295701,865.0,865.0
baseline,DBO1,2009_2013,ice,0.45,True,0.43378202344767697,999.0,999.0
baseline,DBO1,2009_2013,ice,0.5,True,0.49544072948328266,1141.0,1141.0
baseline,DBO1,2009_2013,ice,0.55,True,0.5592705167173252,1288.0,1288.0
baseline,DBO1,2009_2013,ice,0.6,True,0.6252713851498046,1440.0,1440.0
baseline,DBO1,2009_2013,ice,0.65,True,0.6930091185410334,1596.0,1596.0
baseline,DBO1,2009_2013,ice,0.7,True,0.7650890143291359,1762.0,1762.0
baseline,DBO1,2009_2013,ice,0.75,True,0.8441163699522363,1944.0,1944.0
baseline,DBO1,2009_2013,ice,0.8,True,0.93573599652627,2155.0,2155.0
baseline,DBO1,2009_2013,ice,0.85,False,,,
baseline,DBO1,2009_2013,ice,0.9,False,,,
baseline,DBO1,2009_2013,ice,0.95,False,,,
baseline,DBO1,2012_2016,ice,0.05,True,0.04819800260529744,111.0,111.0
baseline,DBO1,2012_2016,ice,0.1,True,0.09900130264871906,228.0,228.0
baseline,DBO1,2012_2016,ice,0.15,True,0.15240990013026487,351.0,351.0
baseline,DBO1,2012_2016,ice,0.2,True,0.20798957881024752,479.0,479.0
baseline,DBO1,2012_2016,ice,0.25,True,0.2653061224489796,611.0,611.0
baseline,DBO1,2012_2016,ice,0.3,True,0.3239253148067738,746.0,746.0
baseline,DBO1,2012_2016,ice,0.35,True,0.38384715588363005,884.0,884.0
baseline,DBO1,2012_2016,ice,0.4,True,0.4455058619192358,1026.0,1026.0
baseline,DBO1,2012_2016,ice,0.45,True,0.508901432913591,1172.0,1172.0
baseline,DBO1,2012_2016,ice,0.5,True,0.5735996526270083,1321.0,1321.0
baseline,DBO1,2012_2016,ice,0.55,True,0.6409031697785497,1476.0,1476.0
baseline,DBO1,2012_2016,ice,0.6,True,0.7099435518888406,1635.0,1635.0
baseline,DBO1,2012_2016,ice,0.65,True,0.780720798957881,1798.0,1798.0
baseline,DBO1,2012_2016,ice,0.7,True,0.854537559704733,1968.0,1968.0
baseline,DBO1,2012_2016,ice,0.75,True,0.9348675640468953,2153.0,2153.0
baseline,DBO1,2012_2016,ice,0.8,False,,,
baseline,DBO1,2012_2016,ice,0.85,False,,,
baseline,DBO1,2012_2016,ice,0.9,False,,,
baseline,DBO1,2012_2016,ice,0.95,False,,,
baseline,DBO1,2017_2020,ice,0.05,True,0.06382978723404255,147.0,147.0
baseline,DBO1,2017_2020,ice,0.1,True,0.13243595310464612,305.0,305.0
baseline,DBO1,2017_2020,ice,0.15,True,0.2032132001736865,468.0,468.0
baseline,DBO1,2017_2020,ice,0.2,True,0.2761615284411637,636.0,636.0
baseline,DBO1,2017_2020,ice,0.25,True,0.35084672166739034,808.0,808.0
baseline,DBO1,2017_2020,ice,0.3,True,0.4272687798523665,984.0,984.0
baseline,DBO1,2017_2020,ice,0.35,True,0.5045592705167173,1162.0,1162.0
baseline,DBO1,2017_2020,ice,0.4,True,0.5844550586191923,1346.0,1346.0
baseline,DBO1,2017_2020,ice,0.45,True,0.6669561441597915,1536.0,1536.0
baseline,DBO1,2017_2020,ice,0.5,True,0.752062527138515,1732.0,1732.0
baseline,DBO1,2017_2020,ice,0.55,True,0.8397742075553626,1934.0,1934.0
baseline,DBO1,2017_2020,ice,0.6,True,0.930959617889709,2144.0,2144.0
baseline,DBO1,2017_2020,ice,0.65,False,,,
baseline,DBO1,2017_2020,ice,0.7,False,,,
baseline,DBO1,2017_2020,ice,0.75,False,,,
baseline,DBO1,2017_2020,ice,0.8,False,,,
baseline,DBO1,2017_2020,ice,0.85,False,,,
baseline,DBO1,2017_2020,ice,0.9,False,,,
baseline,DBO1,2017_2020,ice,0.95,False,,,
baseline,DBO4,2007_2011,ice,0.05,True,0.03987240829346093,50.0,50.0
baseline,DBO4,2007_2011,ice,0.1,True,0.0861244019138756,108.0,108.0
baseline,DBO4,2007_2011,ice,0.15,True,0.13955342902711323,175.0,175.0
baseline,DBO4,2007_2011,ice,0.2,True,0.20175438596491227,253.0,253.0
baseline,DBO4,2007_2011,ice,0.25,True,0.27352472089314195,343.0,343.0
baseline,DBO4,2007_2011,ice,0.3,True,0.3548644338118022,445.0,445.0
baseline,DBO4,2007_2011,ice,0.35,True,0.44417862838915473,557.0,557.0
baseline,DBO4,2007_2011,ice,0.4,True,0.5390749601275917,676.0,676.0
baseline,DBO4,2007_2011,ice,0.45,True,0.6411483253588517,804.0,804.0
baseline,DBO4,2007_2011,ice,0.5,True,0.7503987240829346,941.0,941.0
baseline,DBO4,2007_2011,ice,0.55,True,0.8692185007974481,1090.0,1090.0
baseline,DBO4,2007_2011,ice,0.6,False,,,
baseline,DBO4,2007_2011,ice,0.65,False,,,
baseline,DBO4,2007_2011,ice,0.7,False,,,
baseline,DBO4,2007_2011,ice,0.75,False,,,
baseline,DBO4,2007_2011,ice,0.8,False,,,
baseline,DBO4,2007_2011,ice,0.85,False,,,
baseline,DBO4,2007_2011,ice,0.9,False,,,
baseline,DBO4,2007_2011,ice,0.95,False,,,
baseline,DBO4,2009_2013,ice,0.05,True,0.03987240829346093,50.0,50.0
baseline,DBO4,2009_2013,ice,0.1,True,0.08373205741626795,105.0,105.0
baseline,DBO4,2009_2013,ice,0.15,True,0.13476874003189793,169.0,169.0
baseline,DBO4,2009_2013,ice,0.2,True,0.19298245614035087,242.0,242.0
baseline,DBO4,2009_2013,ice,0.25,True,0.259170653907496,325.0,325.0
baseline,DBO4,2009_2013,ice,0.3,True,0.3309409888357257,415.0,415.0
baseline,DBO4,2009_2013,ice,0.35,True,0.41228070175438597,517.0,517.0
baseline,DBO4,2009_2013,ice,0.4,True,0.5015948963317385,629.0,629.0
baseline,DBO4,2009_2013,ice,0.45,True,0.5988835725677831,751.0,751.0
baseline,DBO4,2009_2013,ice,0.5,True,0.70414673046252,883.0,883.0
baseline,DBO4,2009_2013,ice,0.55,True,0.817384370015949,1025.0,1025.0
baseline,DBO4,2009_2013,ice,0.6,True,0.9585326953748007,1202.0,1202.0
baseline,DBO4,2009_2013,ice,0.65,False,,,
baseline,DBO4,2009_2013,ice,0.7,False,,,
baseline,DBO4,2009_2013,ice,0.75,False,,,
baseline,DBO4,2009_2013,ice,0.8,False,,,
baseline,DBO4,2009_2013,ice,0.85,False,,,
baseline,DBO4,2009_2013,ice,0.9,False,,,
baseline,DBO4,2009_2013,ice,0.95,False,,,
baseline,DBO4,2012_2016,ice,0.05,True,0.04226475279106858,53.0,53.0
baseline,DBO4,2012_2016,ice,0.1,True,0.09011164274322168,113.0,113.0
baseline,DBO4,2012_2016,ice,0.15,True,0.145933014354067,183.0,183.0
baseline,DBO4,2012_2016,ice,0.2,True,0.20733652312599682,260.0,260.0
baseline,DBO4,2012_2016,ice,0.25,True,0.2711323763955343,340.0,340.0
baseline,DBO4,2012_2016,ice,0.3,True,0.33891547049441784,425.0,425.0
baseline,DBO4,2012_2016,ice,0.35,True,0.41148325358851673,516.0,516.0
baseline,DBO4,2012_2016,ice,0.4,True,0.4904306220095694,615.0,615.0
baseline,DBO4,2012_2016,ice,0.45,True,0.5789473684210527,726.0,726.0
baseline,DBO4,2012_2016,ice,0.5,True,0.6786283891547049,851.0,851.0
baseline,DBO4,2012_2016,ice,0.55,True,0.7870813397129187,987.0,987.0
baseline,DBO4,2012_2016,ice,0.6,True,0.9019138755980861,1131.0,1131.0
baseline,DBO4,2012_2016,ice,0.65,False,,,
baseline,DBO4,2012_2016,ice,0.7,False,,,
baseline,DBO4,2012_2016,ice,0.75,False,,,
baseline,DBO4,2012_2016,ice,0.8,False,,,
baseline,DBO4,2012_2016,ice,0.85,False,,,
baseline,DBO4,2012_2016,ice,0.9,False,,,
baseline,DBO4,2012_2016,ice,0.95,False,,,
baseline,DBO4,2016_2020,ice,0.05,True,0.05342902711323764,67.0,67.0
baseline,DBO4,2016_2020,ice,0.1,True,0.11164274322169059,140.0,140.0
baseline,DBO4,2016_2020,ice,0.15,True,0.1722488038277512,216.0,216.0
baseline,DBO4,2016_2020,ice,0.2,True,0.23763955342902712,298.0,298.0
baseline,DBO4,2016_2020,ice,0.25,True,0.3094098883572568,388.0,388.0
baseline,DBO4,2016_2020,ice,0.3,True,0.386762360446571,485.0,485.0
baseline,DBO4,2016_2020,ice,0.35,True,0.4704944178628389,590.0,590.0
baseline,DBO4,2016_2020,ice,0.4,True,0.5590111642743222,701.0,701.0
baseline,DBO4,2016_2020,ice,0.45,True,0.6539074960127592,820.0,820.0
baseline,DBO4,2016_2020,ice,0.5,True,0.7615629984051037,955.0,955.0
baseline,DBO4,2016_2020,ice,0.55,True,0.8995215311004785,1128.0,1128.0
baseline,DBO4,2016_2020,ice,0.6,False,,,
baseline,DBO4,2016_2020,ice,0.65,False,,,
baseline,DBO4,2016_2020,ice,0.7,False,,,
baseline,DBO4,2016_2020,ice,0.75,False,,,
baseline,DBO4,2016_2020,ice,0.8,False,,,
baseline,DBO4,2016_2020,ice,0.85,False,,,
baseline,DBO4,2016_2020,ice,0.9,False,,,
baseline,DBO4,2016_2020,ice,0.95,False,,,
distance_narrow_10_40,DBO1,1993_1997,ice,0.05,True,0.03821102909248806,88.0,88.0
distance_narrow_10_40,DBO1,1993_1997,ice,0.1,True,0.08380373425966131,193.0,193.0
distance_narrow_10_40,DBO1,1993_1997,ice,0.15,True,0.13330438558402083,307.0,307.0
distance_narrow_10_40,DBO1,1993_1997,ice,0.2,True,0.18671298306556666,430.0,430.0
distance_narrow_10_40,DBO1,1993_1997,ice,0.25,True,0.24142422926617454,556.0,556.0
distance_narrow_10_40,DBO1,1993_1997,ice,0.3,True,0.29700390794615716,684.0,684.0
distance_narrow_10_40,DBO1,1993_1997,ice,0.35,True,0.3538862353452019,815.0,815.0
distance_narrow_10_40,DBO1,1993_1997,ice,0.4,True,0.4120712114633087,949.0,949.0
distance_narrow_10_40,DBO1,1993_1997,ice,0.45,True,0.47242726877985236,1088.0,1088.0
distance_narrow_10_40,DBO1,1993_1997,ice,0.5,True,0.5353886235345202,1233.0,1233.0
distance_narrow_10_40,DBO1,1993_1997,ice,0.55,True,0.6022579244463743,1387.0,1387.0
distance_narrow_10_40,DBO1,1993_1997,ice,0.6,True,0.6699956578376032,1543.0,1543.0
distance_narrow_10_40,DBO1,1993_1997,ice,0.65,True,0.739036039947894,1702.0,1702.0
distance_narrow_10_40,DBO1,1993_1997,ice,0.7,True,0.8106817194963092,1867.0,1867.0
distance_narrow_10_40,DBO1,1993_1997,ice,0.75,True,0.8871037776812852,2043.0,2043.0
distance_narrow_10_40,DBO1,1993_1997,ice,0.8,True,0.9726443768996961,2240.0,2240.0
distance_narrow_10_40,DBO1,1993_1997,ice,0.85,False,,,
distance_narrow_10_40,DBO1,1993_1997,ice,0.9,False,,,
distance_narrow_10_40,DBO1,1993_1997,ice,0.95,False,,,
distance_narrow_10_40,DBO1,2009_2013,ice,0.05,True,0.03300043421623969,76.0,76.0
distance_narrow_10_40,DBO1,2009_2013,ice,0.1,True,0.07207989578810248,166.0,166.0
distance_narrow_10_40,DBO1,2009_2013,ice,0.15,True,0.11550151975683891,266.0,266.0
distance_narrow_10_40,DBO1,2009_2013,ice,0.2,True,0.16326530612244897,376.0,376.0
distance_narrow_10_40,DBO1,2009_2013,ice,0.25,True,0.21406860616587062,493.0,493.0
distance_narrow_10_40,DBO1,2009_2013,ice,0.3,True,0.26660877116804166,614.0,614.0
distance_narrow_10_40,DBO1,2009_2013,ice,0.35,True,0.3200173686495875,737.0,737.0
distance_narrow_10_40,DBO1,2009_2013,ice,0.4,True,0.3755970473295701,865.0,865.0
distance_narrow_10_40,DBO1,2009_2013,ice,0.45,True,0.43378202344767697,999.0,999.0
distance_narrow_10_40,DBO1,2009_2013,ice,0.5,True,0.49587494572297003,1142.0,1142.0
distance_narrow_10_40,DBO1,2009_2013,ice,0.55,True,0.5601389491966999,1290.0,1290.0
distance_narrow_10_40,DBO1,2009_2013,ice,0.6,True,0.6261398176291794,1442.0,1442.0
distance_narrow_10_40,DBO1,2009_2013,ice,0.65,True,0.6947459834997829,1600.0,1600.0
distance_narrow_10_40,DBO1,2009_2013,ice,0.7,True,0.7681285280069474,1769.0,1769.0
distance_narrow_10_40,DBO1,2009_2013,ice,0.75,True,0.8484585323491098,1954.0,1954.0
distance_narrow_10_40,DBO1,2009_2013,ice,0.8,True,0.9431176726009552,2172.0,2172.0
distance_narrow_10_40,DBO1,2009_2013,ice,0.85,False,,,
distance_narrow_10_40,DBO1,2009_2013,ice,0.9,False,,,
distance_narrow_10_40,DBO1,2009_2013,ice,0.95,False,,,
distance_narrow_10_40,DBO1,2012_2016,ice,0.05,True,0.04819800260529744,111.0,111.0
distance_narrow_10_40,DBO1,2012_2016,ice,0.1,True,0.09900130264871906,228.0,228.0
distance_narrow_10_40,DBO1,2012_2016,ice,0.15,True,0.15240990013026487,351.0,351.0
distance_narrow_10_40,DBO1,2012_2016,ice,0.2,True,0.20842379504993486,480.0,480.0
distance_narrow_10_40,DBO1,2012_2016,ice,0.25,True,0.265740338688667,612.0,612.0
distance_narrow_10_40,DBO1,2012_2016,ice,0.3,True,0.32435953104646115,747.0,747.0
distance_narrow_10_40,DBO1,2012_2016,ice,0.35,True,0.3842813721233174,885.0,885.0
distance_narrow_10_40,DBO1,2012_2016,ice,0.4,True,0.4463742943986105,1028.0,1028.0
distance_narrow_10_40,DBO1,2012_2016,ice,0.45,True,0.5102040816326531,1175.0,1175.0
distance_narrow_10_40,DBO1,2012_2016,ice,0.5,True,0.5762049500651324,1327.0,1327.0
distance_narrow_10_40,DBO1,2012_2016,ice,0.55,True,0.6443768996960486,1484.0,1484.0
distance_narrow_10_40,DBO1,2012_2016,ice,0.6,True,0.7142857142857143,1645.0,1645.0
distance_narrow_10_40,DBO1,2012_2016,ice,0.65,True,0.7863656100738168,1811.0,1811.0
distance_narrow_10_40,DBO1,2012_2016,ice,0.7,True,0.8614850195397308,1984.0,1984.0
distance_narrow_10_40,DBO1,2012_2016,ice,0.75,True,0.9431176726009552,2172.0,2172.0
distance_narrow_10_40,DBO1,2012_2016,ice,0.8,False,,,
distance_narrow_10_40,DBO1,2012_2016,ice,0.85,False,,,
distance_narrow_10_40,DBO1,2012_2016,ice,0.9,False,,,
distance_narrow_10_40,DBO1,2012_2016,ice,0.95,False,,,
distance_narrow_10_40,DBO1,2017_2020,ice,0.05,True,0.06513243595310464,150.0,150.0
distance_narrow_10_40,DBO1,2017_2020,ice,0.1,True,0.13417281806339557,309.0,309.0
distance_narrow_10_40,DBO1,2017_2020,ice,0.15,True,0.20581849761181067,474.0,474.0
distance_narrow_10_40,DBO1,2017_2020,ice,0.2,True,0.2796352583586626,644.0,644.0
distance_narrow_10_40,DBO1,2017_2020,ice,0.25,True,0.35475466782457665,817.0,817.0
distance_narrow_10_40,DBO1,2017_2020,ice,0.3,True,0.43117672600955276,993.0,993.0
distance_narrow_10_40,DBO1,2017_2020,ice,0.35,True,0.5097698653929656,1174.0,1174.0
distance_narrow_10_40,DBO1,2017_2020,ice,0.4,True,0.5900998697351281,1359.0,1359.0
distance_narrow_10_40,DBO1,2017_2020,ice,0.45,True,0.6739036039947894,1552.0,1552.0
distance_narrow_10_40,DBO1,2017_2020,ice,0.5,True,0.7598784194528876,1750.0,1750.0
distance_narrow_10_40,DBO1,2017_2020,ice,0.55,True,0.8488927485887973,1955.0,1955.0
distance_narrow_10_40,DBO1,2017_2020,ice,0.6,True,0.9422492401215805,2170.0,2170.0
distance_narrow_10_40,DBO1,2017_2020,ice,0.65,False,,,
distance_narrow_10_40,DBO1,2017_2020,ice,0.7,False,,,
distance_narrow_10_40,DBO1,2017_2020,ice,0.75,False,,,
distance_narrow_10_40,DBO1,2017_2020,ice,0.8,False,,,
distance_narrow_10_40,DBO1,2017_2020,ice,0.85,False,,,
distance_narrow_10_40,DBO1,2017_2020,ice,0.9,False,,,
distance_narrow_10_40,DBO1,2017_2020,ice,0.95,False,,,
distance_narrow_10_40,DBO4,2007_2011,ice,0.05,True,0.03987240829346093,50.0,50.0
distance_narrow_10_40,DBO4,2007_2011,ice,0.1,True,0.0861244019138756,108.0,108.0
distance_narrow_10_40,DBO4,2007_2011,ice,0.15,True,0.14035087719298245,176.0,176.0
distance_narrow_10_40,DBO4,2007_2011,ice,0.2,True,0.2025518341307815,254.0,254.0
distance_narrow_10_40,DBO4,2007_2011,ice,0.25,True,0.2751196172248804,345.0,345.0
distance_narrow_10_40,DBO4,2007_2011,ice,0.3,True,0.3572567783094099,448.0,448.0
distance_narrow_10_40,DBO4,2007_2011,ice,0.35,True,0.4473684210526316,561.0,561.0
distance_narrow_10_40,DBO4,2007_2011,ice,0.4,True,0.5430622009569378,681.0,681.0
distance_narrow_10_40,DBO4,2007_2011,ice,0.45,True,0.6467304625199362,811.0,811.0
distance_narrow_10_40,DBO4,2007_2011,ice,0.5,True,0.7575757575757576,950.0,950.0
distance_narrow_10_40,DBO4,2007_2011,ice,0.55,True,0.8819776714513556,1106.0,1106.0
distance_narrow_10_40,DBO4,2007_2011,ice,0.6,False,,,
distance_narrow_10_40,DBO4,2007_2011,ice,0.65,False,,,
distance_narrow_10_40,DBO4,2007_2011,ice,0.7,False,,,
distance_narrow_10_40,DBO4,2007_2011,ice,0.75,False,,,
distance_narrow_10_40,DBO4,2007_2011,ice,0.8,False,,,
distance_narrow_10_40,DBO4,2007_2011,ice,0.85,False,,,
distance_narrow_10_40,DBO4,2007_2011,ice,0.9,False,,,
distance_narrow_10_40,DBO4,2007_2011,ice,0.95,False,,,
distance_narrow_10_40,DBO4,2009_2013,ice,0.05,True,0.03987240829346093,50.0,50.0
distance_narrow_10_40,DBO4,2009_2013,ice,0.1,True,0.08452950558213716,106.0,106.0
distance_narrow_10_40,DBO4,2009_2013,ice,0.15,True,0.13476874003189793,169.0,169.0
distance_narrow_10_40,DBO4,2009_2013,ice,0.2,True,0.1937799043062201,243.0,243.0
distance_narrow_10_40,DBO4,2009_2013,ice,0.25,True,0.25996810207336524,326.0,326.0
distance_narrow_10_40,DBO4,2009_2013,ice,0.3,True,0.3333333333333333,418.0,418.0
distance_narrow_10_40,DBO4,2009_2013,ice,0.35,True,0.4154704944178628,521.0,521.0
distance_narrow_10_40,DBO4,2009_2013,ice,0.4,True,0.5055821371610846,634.0,634.0
distance_narrow_10_40,DBO4,2009_2013,ice,0.45,True,0.6036682615629984,757.0,757.0
distance_narrow_10_40,DBO4,2009_2013,ice,0.5,True,0.7113237639553429,892.0,892.0
distance_narrow_10_40,DBO4,2009_2013,ice,0.55,True,0.8293460925039873,1040.0,1040.0
distance_narrow_10_40,DBO4,2009_2013,ice,0.6,True,0.9912280701754386,1243.0,1243.0
distance_narrow_10_40,DBO4,2009_2013,ice,0.65,False,,,
distance_narrow_10_40,DBO4,2009_2013,ice,0.7,False,,,
distance_narrow_10_40,DBO4,2009_2013,ice,0.75,False,,,
distance_narrow_10_40,DBO4,2009_2013,ice,0.8,False,,,
distance_narrow_10_40,DBO4,2009_2013,ice,0.85,False,,,
distance_narrow_10_40,DBO4,2009_2013,ice,0.9,False,,,
distance_narrow_10_40,DBO4,2009_2013,ice,0.95,False,,,
distance_narrow_10_40,DBO4,2012_2016,ice,0.05,True,0.04226475279106858,53.0,53.0
distance_narrow_10_40,DBO4,2012_2016,ice,0.1,True,0.09090909090909091,114.0,114.0
distance_narrow_10_40,DBO4,2012_2016,ice,0.15,True,0.14752791068580542,185.0,185.0
distance_narrow_10_40,DBO4,2012_2016,ice,0.2,True,0.20972886762360446,263.0,263.0
distance_narrow_10_40,DBO4,2012_2016,ice,0.25,True,0.2751196172248804,345.0,345.0
distance_narrow_10_40,DBO4,2012_2016,ice,0.3,True,0.3437001594896332,431.0,431.0
distance_narrow_10_40,DBO4,2012_2016,ice,0.35,True,0.41706539074960125,523.0,523.0
distance_narrow_10_40,DBO4,2012_2016,ice,0.4,True,0.49681020733652315,623.0,623.0
distance_narrow_10_40,DBO4,2012_2016,ice,0.45,True,0.5877192982456141,737.0,737.0
distance_narrow_10_40,DBO4,2012_2016,ice,0.5,True,0.689792663476874,865.0,865.0
distance_narrow_10_40,DBO4,2012_2016,ice,0.55,True,0.7998405103668261,1003.0,1003.0
distance_narrow_10_40,DBO4,2012_2016,ice,0.6,True,0.9178628389154705,1151.0,1151.0
distance_narrow_10_40,DBO4,2012_2016,ice,0.65,False,,,
distance_narrow_10_40,DBO4,2012_2016,ice,0.7,False,,,
distance_narrow_10_40,DBO4,2012_2016,ice,0.75,False,,,
distance_narrow_10_40,DBO4,2012_2016,ice,0.8,False,,,
distance_narrow_10_40,DBO4,2012_2016,ice,0.85,False,,,
distance_narrow_10_40,DBO4,2012_2016,ice,0.9,False,,,
distance_narrow_10_40,DBO4,2012_2016,ice,0.95,False,,,
distance_narrow_10_40,DBO4,2016_2020,ice,0.05,True,0.05422647527910686,68.0,68.0
distance_narrow_10_40,DBO4,2016_2020,ice,0.1,True,0.11244019138755981,141.0,141.0
distance_narrow_10_40,DBO4,2016_2020,ice,0.15,True,0.17384370015948963,218.0,218.0
distance_narrow_10_40,DBO4,2016_2020,ice,0.2,True,0.23923444976076555,300.0,300.0
distance_narrow_10_40,DBO4,2016_2020,ice,0.25,True,0.3118022328548644,391.0,391.0
distance_narrow_10_40,DBO4,2016_2020,ice,0.3,True,0.39074960127591707,490.0,490.0
distance_narrow_10_40,DBO4,2016_2020,ice,0.35,True,0.47527910685805425,596.0,596.0
distance_narrow_10_40,DBO4,2016_2020,ice,0.4,True,0.5661881977671451,710.0,710.0
distance_narrow_10_40,DBO4,2016_2020,ice,0.45,True,0.6610845295055822,829.0,829.0
distance_narrow_10_40,DBO4,2016_2020,ice,0.5,True,0.773524720893142,970.0,970.0
distance_narrow_10_40,DBO4,2016_2020,ice,0.55,True,0.9202551834130781,1154.0,1154.0
distance_narrow_10_40,DBO4,2016_2020,ice,0.6,False,,,
distance_narrow_10_40,DBO4,2016_2020,ice,0.65,False,,,
distance_narrow_10_40,DBO4,2016_2020,ice,0.7,False,,,
distance_narrow_10_40,DBO4,2016_2020,ice,0.75,False,,,
distance_narrow_10_40,DBO4,2016_2020,ice,0.8,False,,,
distance_narrow_10_40,DBO4,2016_2020,ice,0.85,False,,,
distance_narrow_10_40,DBO4,2016_2020,ice,0.9,False,,,
distance_narrow_10_40,DBO4,2016_2020,ice,0.95,False,,,
distance_broad_20_60,DBO1,1993_1997,ice,0.05,True,0.03821102909248806,88.0,88.0
distance_broad_20_60,DBO1,1993_1997,ice,0.1,True,0.08336951801997394,192.0,192.0
distance_broad_20_60,DBO1,1993_1997,ice,0.15,True,0.1328701693443335,306.0,306.0
distance_broad_20_60,DBO1,1993_1997,ice,0.2,True,0.18584455058619193,428.0,428.0
distance_broad_20_60,DBO1,1993_1997,ice,0.25,True,0.24055579678679984,554.0,554.0
distance_broad_20_60,DBO1,1993_1997,ice,0.3,True,0.2961354754667825,682.0,682.0
distance_broad_20_60,DBO1,1993_1997,ice,0.35,True,0.3525835866261398,812.0,812.0
distance_broad_20_60,DBO1,1993_1997,ice,0.4,True,0.41033434650455924,945.0,945.0
distance_broad_20_60,DBO1,1993_1997,ice,0.45,True,0.4702561875814155,1083.0,1083.0
distance_broad_20_60,DBO1,1993_1997,ice,0.5,True,0.5323491098567087,1226.0,1226.0
distance_broad_20_60,DBO1,1993_1997,ice,0.55,True,0.5974815458098133,1376.0,1376.0
distance_broad_20_60,DBO1,1993_1997,ice,0.6,True,0.6647850629613548,1531.0,1531.0
distance_broad_20_60,DBO1,1993_1997,ice,0.65,True,0.7325227963525835,1687.0,1687.0
distance_broad_20_60,DBO1,1993_1997,ice,0.7,True,0.8024316109422492,1848.0,1848.0
distance_broad_20_60,DBO1,1993_1997,ice,0.75,True,0.8758141554494138,2017.0,2017.0
distance_broad_20_60,DBO1,1993_1997,ice,0.8,True,0.9570125922709509,2204.0,2204.0
distance_broad_20_60,DBO1,1993_1997,ice,0.85,False,,,
distance_broad_20_60,DBO1,1993_1997,ice,0.9,False,,,
distance_broad_20_60,DBO1,1993_1997,ice,0.95,False,,,
distance_broad_20_60,DBO1,2009_2013,ice,0.05,True,0.03300043421623969,76.0,76.0
distance_broad_20_60,DBO1,2009_2013,ice,0.1,True,0.07207989578810248,166.0,166.0
distance_broad_20_60,DBO1,2009_2013,ice,0.15,True,0.11550151975683891,266.0,266.0
distance_broad_20_60,DBO1,2009_2013,ice,0.2,True,0.16283108988276163,375.0,375.0
distance_broad_20_60,DBO1,2009_2013,ice,0.25,True,0.21406860616587062,493.0,493.0
distance_broad_20_60,DBO1,2009_2013,ice,0.3,True,0.26660877116804166,614.0,614.0
distance_broad_20_60,DBO1,2009_2013,ice,0.35,True,0.3200173686495875,737.0,737.0
distance_broad_20_60,DBO1,2009_2013,ice,0.4,True,0.37516283108988274,864.0,864.0
distance_broad_20_60,DBO1,2009_2013,ice,0.45,True,0.4333478072079896,998.0,998.0
distance_broad_20_60,DBO1,2009_2013,ice,0.5,True,0.4945722970039079,1139.0,1139.0
distance_broad_20_60,DBO1,2009_2013,ice,0.55,True,0.5584020842379505,1286.0,1286.0
distance_broad_20_60,DBO1,2009_2013,ice,0.6,True,0.6239687364307425,1437.0,1437.0
distance_broad_20_60,DBO1,2009_2013,ice,0.65,True,0.691272253582284,1592.0,1592.0
distance_broad_20_60,DBO1,2009_2013,ice,0.7,True,0.7624837168910117,1756.0,1756.0
distance_broad_20_60,DBO1,2009_2013,ice,0.75,True,0.8402084237950499,1935.0,1935.0
distance_broad_20_60,DBO1,2009_2013,ice,0.8,True,0.9305254016500217,2143.0,2143.0
distance_broad_20_60,DBO1,2009_2013,ice,0.85,False,,,
distance_broad_20_60,DBO1,2009_2013,ice,0.9,False,,,
distance_broad_20_60,DBO1,2009_2013,ice,0.95,False,,,
distance_broad_20_60,DBO1,2012_2016,ice,0.05,True,0.04819800260529744,111.0,111.0
distance_broad_20_60,DBO1,2012_2016,ice,0.1,True,0.09900130264871906,228.0,228.0
distance_broad_20_60,DBO1,2012_2016,ice,0.15,True,0.1519756838905775,350.0,350.0
distance_broad_20_60,DBO1,2012_2016,ice,0.2,True,0.20755536257056015,478.0,478.0
distance_broad_20_60,DBO1,2012_2016,ice,0.25,True,0.26487190620929224,610.0,610.0
distance_broad_20_60,DBO1,2012_2016,ice,0.3,True,0.32305688232739904,744.0,744.0
distance_broad_20_60,DBO1,2012_2016,ice,0.35,True,0.3829787234042553,882.0,882.0
distance_broad_20_60,DBO1,2012_2016,ice,0.4,True,0.44376899696048633,1022.0,1022.0
distance_broad_20_60,DBO1,2012_2016,ice,0.45,True,0.5062961354754668,1166.0,1166.0
distance_broad_20_60,DBO1,2012_2016,ice,0.5,True,0.5709943551888841,1315.0,1315.0
distance_broad_20_60,DBO1,2012_2016,ice,0.55,True,0.6369952236213634,1467.0,1467.0
distance_broad_20_60,DBO1,2012_2016,ice,0.6,True,0.7060356057316544,1626.0,1626.0
distance_broad_20_60,DBO1,2012_2016,ice,0.65,True,0.77594442032132,1787.0,1787.0
distance_broad_20_60,DBO1,2012_2016,ice,0.7,True,0.8488927485887973,1955.0,1955.0
distance_broad_20_60,DBO1,2012_2016,ice,0.75,True,0.9279201042118975,2137.0,2137.0
distance_broad_20_60,DBO1,2012_2016,ice,0.8,False,,,
distance_broad_20_60,DBO1,2012_2016,ice,0.85,False,,,
distance_broad_20_60,DBO1,2012_2016,ice,0.9,False,,,
distance_broad_20_60,DBO1,2012_2016,ice,0.95,False,,,
distance_broad_20_60,DBO1,2017_2020,ice,0.05,True,0.06296135475466783,145.0,145.0
distance_broad_20_60,DBO1,2017_2020,ice,0.1,True,0.13026487190620928,300.0,300.0
distance_broad_20_60,DBO1,2017_2020,ice,0.15,True,0.20017368649587494,461.0,461.0
distance_broad_20_60,DBO1,2017_2020,ice,0.2,True,0.27268779852366476,628.0,628.0
distance_broad_20_60,DBO1,2017_2020,ice,0.25,True,0.3469387755102041,799.0,799.0
distance_broad_20_60,DBO1,2017_2020,ice,0.3,True,0.42249240121580545,973.0,973.0
distance_broad_20_60,DBO1,2017_2020,ice,0.35,True,0.499348675640469,1150.0,1150.0
distance_broad_20_60,DBO1,2017_2020,ice,0.4,True,0.5779418150238819,1331.0,1331.0
distance_broad_20_60,DBO1,2017_2020,ice,0.45,True,0.6595744680851063,1519.0,1519.0
distance_broad_20_60,DBO1,2017_2020,ice,0.5,True,0.7433782023447677,1712.0,1712.0
distance_broad_20_60,DBO1,2017_2020,ice,0.55,True,0.8302214502822406,1912.0,1912.0
distance_broad_20_60,DBO1,2017_2020,ice,0.6,True,0.9196699956578376,2118.0,2118.0
distance_broad_20_60,DBO1,2017_2020,ice,0.65,False,,,
distance_broad_20_60,DBO1,2017_2020,ice,0.7,False,,,
distance_broad_20_60,DBO1,2017_2020,ice,0.75,False,,,
distance_broad_20_60,DBO1,2017_2020,ice,0.8,False,,,
distance_broad_20_60,DBO1,2017_2020,ice,0.85,False,,,
distance_broad_20_60,DBO1,2017_2020,ice,0.9,False,,,
distance_broad_20_60,DBO1,2017_2020,ice,0.95,False,,,
distance_broad_20_60,DBO4,2007_2011,ice,0.05,True,0.03987240829346093,50.0,50.0
distance_broad_20_60,DBO4,2007_2011,ice,0.1,True,0.0861244019138756,108.0,108.0
distance_broad_20_60,DBO4,2007_2011,ice,0.15,True,0.13955342902711323,175.0,175.0
distance_broad_20_60,DBO4,2007_2011,ice,0.2,True,0.20095693779904306,252.0,252.0
distance_broad_20_60,DBO4,2007_2011,ice,0.25,True,0.2727272727272727,342.0,342.0
distance_broad_20_60,DBO4,2007_2011,ice,0.3,True,0.3532695374800638,443.0,443.0
distance_broad_20_60,DBO4,2007_2011,ice,0.35,True,0.4409888357256778,553.0,553.0
distance_broad_20_60,DBO4,2007_2011,ice,0.4,True,0.5342902711323764,670.0,670.0
distance_broad_20_60,DBO4,2007_2011,ice,0.45,True,0.6331738437001595,794.0,794.0
distance_broad_20_60,DBO4,2007_2011,ice,0.5,True,0.7384370015948963,926.0,926.0
distance_broad_20_60,DBO4,2007_2011,ice,0.55,True,0.8524720893141946,1069.0,1069.0
distance_broad_20_60,DBO4,2007_2011,ice,0.6,False,,,
distance_broad_20_60,DBO4,2007_2011,ice,0.65,False,,,
distance_broad_20_60,DBO4,2007_2011,ice,0.7,False,,,
distance_broad_20_60,DBO4,2007_2011,ice,0.75,False,,,
distance_broad_20_60,DBO4,2007_2011,ice,0.8,False,,,
distance_broad_20_60,DBO4,2007_2011,ice,0.85,False,,,
distance_broad_20_60,DBO4,2007_2011,ice,0.9,False,,,
distance_broad_20_60,DBO4,2007_2011,ice,0.95,False,,,
distance_broad_20_60,DBO4,2009_2013,ice,0.05,True,0.03987240829346093,50.0,50.0
distance_broad_20_60,DBO4,2009_2013,ice,0.1,True,0.08373205741626795,105.0,105.0
distance_broad_20_60,DBO4,2009_2013,ice,0.15,True,0.13476874003189793,169.0,169.0
distance_broad_20_60,DBO4,2009_2013,ice,0.2,True,0.19298245614035087,242.0,242.0
distance_broad_20_60,DBO4,2009_2013,ice,0.25,True,0.25757575757575757,323.0,323.0
distance_broad_20_60,DBO4,2009_2013,ice,0.3,True,0.3293460925039872,413.0,413.0
distance_broad_20_60,DBO4,2009_2013,ice,0.35,True,0.4090909090909091,513.0,513.0
distance_broad_20_60,DBO4,2009_2013,ice,0.4,True,0.49681020733652315,623.0,623.0
distance_broad_20_60,DBO4,2009_2013,ice,0.45,True,0.5909090909090909,741.0,741.0
distance_broad_20_60,DBO4,2009_2013,ice,0.5,True,0.6921850079744817,868.0,868.0
distance_broad_20_60,DBO4,2009_2013,ice,0.55,True,0.8014354066985646,1005.0,1005.0
distance_broad_20_60,DBO4,2009_2013,ice,0.6,True,0.9274322169059012,1163.0,1163.0
distance_broad_20_60,DBO4,2009_2013,ice,0.65,False,,,
distance_broad_20_60,DBO4,2009_2013,ice,0.7,False,,,
distance_broad_20_60,DBO4,2009_2013,ice,0.75,False,,,
distance_broad_20_60,DBO4,2009_2013,ice,0.8,False,,,
distance_broad_20_60,DBO4,2009_2013,ice,0.85,False,,,
distance_broad_20_60,DBO4,2009_2013,ice,0.9,False,,,
distance_broad_20_60,DBO4,2009_2013,ice,0.95,False,,,
distance_broad_20_60,DBO4,2012_2016,ice,0.05,True,0.04226475279106858,53.0,53.0
distance_broad_20_60,DBO4,2012_2016,ice,0.1,True,0.09011164274322168,113.0,113.0
distance_broad_20_60,DBO4,2012_2016,ice,0.15,True,0.14433811802232854,181.0,181.0
distance_broad_20_60,DBO4,2012_2016,ice,0.2,True,0.20414673046251994,256.0,256.0
distance_broad_20_60,DBO4,2012_2016,ice,0.25,True,0.2679425837320574,336.0,336.0
distance_broad_20_60,DBO4,2012_2016,ice,0.3,True,0.33413078149920256,419.0,419.0
distance_broad_20_60,DBO4,2012_2016,ice,0.35,True,0.4059011164274322,509.0,509.0
distance_broad_20_60,DBO4,2012_2016,ice,0.4,True,0.48325358851674644,606.0,606.0
distance_broad_20_60,DBO4,2012_2016,ice,0.45,True,0.5701754385964912,715.0,715.0
distance_broad_20_60,DBO4,2012_2016,ice,0.5,True,0.6674641148325359,837.0,837.0
distance_broad_20_60,DBO4,2012_2016,ice,0.55,True,0.773524720893142,970.0,970.0
distance_broad_20_60,DBO4,2012_2016,ice,0.6,True,0.8859649122807017,1111.0,1111.0
distance_broad_20_60,DBO4,2012_2016,ice,0.65,False,,,
distance_broad_20_60,DBO4,2012_2016,ice,0.7,False,,,
distance_broad_20_60,DBO4,2012_2016,ice,0.75,False,,,
distance_broad_20_60,DBO4,2012_2016,ice,0.8,False,,,
distance_broad_20_60,DBO4,2012_2016,ice,0.85,False,,,
distance_broad_20_60,DBO4,2012_2016,ice,0.9,False,,,
distance_broad_20_60,DBO4,2012_2016,ice,0.95,False,,,
distance_broad_20_60,DBO4,2016_2020,ice,0.05,True,0.05263157894736842,66.0,66.0
distance_broad_20_60,DBO4,2016_2020,ice,0.1,True,0.11084529505582137,139.0,139.0
distance_broad_20_60,DBO4,2016_2020,ice,0.15,True,0.17145135566188197,215.0,215.0
distance_broad_20_60,DBO4,2016_2020,ice,0.2,True,0.23604465709728867,296.0,296.0
distance_broad_20_60,DBO4,2016_2020,ice,0.25,True,0.3062200956937799,384.0,384.0
distance_broad_20_60,DBO4,2016_2020,ice,0.3,True,0.38118022328548645,478.0,478.0
distance_broad_20_60,DBO4,2016_2020,ice,0.35,True,0.46331738437001596,581.0,581.0
distance_broad_20_60,DBO4,2016_2020,ice,0.4,True,0.55103668261563,691.0,691.0
distance_broad_20_60,DBO4,2016_2020,ice,0.45,True,0.6443381180223285,808.0,808.0
distance_broad_20_60,DBO4,2016_2020,ice,0.5,True,0.7488038277511961,939.0,939.0
distance_broad_20_60,DBO4,2016_2020,ice,0.55,True,0.8787878787878788,1102.0,1102.0
distance_broad_20_60,DBO4,2016_2020,ice,0.6,False,,,
distance_broad_20_60,DBO4,2016_2020,ice,0.65,False,,,
distance_broad_20_60,DBO4,2016_2020,ice,0.7,False,,,
distance_broad_20_60,DBO4,2016_2020,ice,0.75,False,,,
distance_broad_20_60,DBO4,2016_2020,ice,0.8,False,,,
distance_broad_20_60,DBO4,2016_2020,ice,0.85,False,,,
distance_broad_20_60,DBO4,2016_2020,ice,0.9,False,,,
distance_broad_20_60,DBO4,2016_2020,ice,0.95,False,,,
sic_sit_lenient,DBO1,1993_1997,ice,0.05,True,0.03734259661311333,86.0,86.0
sic_sit_lenient,DBO1,1993_1997,ice,0.1,True,0.08163265306122448,188.0,188.0
sic_sit_lenient,DBO1,1993_1997,ice,0.15,True,0.13026487190620928,300.0,300.0
sic_sit_lenient,DBO1,1993_1997,ice,0.2,True,0.182370820668693,420.0,420.0
sic_sit_lenient,DBO1,1993_1997,ice,0.25,True,0.23621363438992618,544.0,544.0
sic_sit_lenient,DBO1,1993_1997,ice,0.3,True,0.29092488059053406,670.0,670.0
sic_sit_lenient,DBO1,1993_1997,ice,0.35,True,0.3465045592705167,798.0,798.0
sic_sit_lenient,DBO1,1993_1997,ice,0.4,True,0.40338688666956146,929.0,929.0
sic_sit_lenient,DBO1,1993_1997,ice,0.45,True,0.46200607902735563,1064.0,1064.0
sic_sit_lenient,DBO1,1993_1997,ice,0.5,True,0.5227963525835866,1204.0,1204.0
sic_sit_lenient,DBO1,1993_1997,ice,0.55,True,0.5874945722970039,1353.0,1353.0
sic_sit_lenient,DBO1,1993_1997,ice,0.6,True,0.6539296569691706,1506.0,1506.0
sic_sit_lenient,DBO1,1993_1997,ice,0.65,True,0.7212331741207121,1661.0,1661.0
sic_sit_lenient,DBO1,1993_1997,ice,0.7,True,0.7898393399913157,1819.0,1819.0
sic_sit_lenient,DBO1,1993_1997,ice,0.75,True,0.8623534520191055,1986.0,1986.0
sic_sit_lenient,DBO1,1993_1997,ice,0.8,True,0.9413808076422058,2168.0,2168.0
sic_sit_lenient,DBO1,1993_1997,ice,0.85,False,,,
sic_sit_lenient,DBO1,1993_1997,ice,0.9,False,,,
sic_sit_lenient,DBO1,1993_1997,ice,0.95,False,,,
sic_sit_lenient,DBO1,2009_2013,ice,0.05,True,0.03256621797655232,75.0,75.0
sic_sit_lenient,DBO1,2009_2013,ice,0.1,True,0.07077724706904039,163.0,163.0
sic_sit_lenient,DBO1,2009_2013,ice,0.15,True,0.11376465479808945,262.0,262.0
sic_sit_lenient,DBO1,2009_2013,ice,0.2,True,0.16066000868432478,370.0,370.0
sic_sit_lenient,DBO1,2009_2013,ice,0.25,True,0.21102909248805907,486.0,486.0
sic_sit_lenient,DBO1,2009_2013,ice,0.3,True,0.26313504125054277,606.0,606.0
sic_sit_lenient,DBO1,2009_2013,ice,0.35,True,0.31567520625271384,727.0,727.0
sic_sit_lenient,DBO1,2009_2013,ice,0.4,True,0.37038645245332175,853.0,853.0
sic_sit_lenient,DBO1,2009_2013,ice,0.45,True,0.4272687798523665,984.0,984.0
sic_sit_lenient,DBO1,2009_2013,ice,0.5,True,0.4867564046895354,1121.0,1121.0
sic_sit_lenient,DBO1,2009_2013,ice,0.55,True,0.5497177594442032,1266.0,1266.0
sic_sit_lenient,DBO1,2009_2013,ice,0.6,True,0.6144159791576205,1415.0,1415.0
sic_sit_lenient,DBO1,2009_2013,ice,0.65,True,0.6808510638297872,1568.0,1568.0
sic_sit_lenient,DBO1,2009_2013,ice,0.7,True,0.7503256621797655,1728.0,1728.0
sic_sit_lenient,DBO1,2009_2013,ice,0.75,True,0.8267477203647416,1904.0,1904.0
sic_sit_lenient,DBO1,2009_2013,ice,0.8,True,0.9135909683022145,2104.0,2104.0
sic_sit_lenient,DBO1,2009_2013,ice,0.85,False,,,
sic_sit_lenient,DBO1,2009_2013,ice,0.9,False,,,
sic_sit_lenient,DBO1,2009_2013,ice,0.95,False,,,
sic_sit_lenient,DBO1,2012_2016,ice,0.05,True,0.04689535388623534,108.0,108.0
sic_sit_lenient,DBO1,2012_2016,ice,0.1,True,0.09639600521059488,222.0,222.0
sic_sit_lenient,DBO1,2012_2016,ice,0.15,True,0.14850195397307858,342.0,342.0
sic_sit_lenient,DBO1,2012_2016,ice,0.2,True,0.20277898393399912,467.0,467.0
sic_sit_lenient,DBO1,2012_2016,ice,0.25,True,0.25879287885366914,596.0,596.0
sic_sit_lenient,DBO1,2012_2016,ice,0.3,True,0.3161094224924012,728.0,728.0
sic_sit_lenient,DBO1,2012_2016,ice,0.35,True,0.374294398610508,862.0,862.0
sic_sit_lenient,DBO1,2012_2016,ice,0.4,True,0.4342162396873643,1000.0,1000.0
sic_sit_lenient,DBO1,2012_2016,ice,0.45,True,0.49587494572297003,1142.0,1142.0
sic_sit_lenient,DBO1,2012_2016,ice,0.5,True,0.5592705167173252,1288.0,1288.0
sic_sit_lenient,DBO1,2012_2016,ice,0.55,True,0.6248371689101172,1439.0,1439.0
sic_sit_lenient,DBO1,2012_2016,ice,0.6,True,0.6925749023013461,1595.0,1595.0
sic_sit_lenient,DBO1,2012_2016,ice,0.65,True,0.7620495006513244,1755.0,1755.0
sic_sit_lenient,DBO1,2012_2016,ice,0.7,True,0.8336951801997394,1920.0,1920.0
sic_sit_lenient,DBO1,2012_2016,ice,0.75,True,0.9109856708640903,2098.0,2098.0
sic_sit_lenient,DBO1,2012_2016,ice,0.8,True,0.9991315675206253,2301.0,2301.0
sic_sit_lenient,DBO1,2012_2016,ice,0.85,False,,,
sic_sit_lenient,DBO1,2012_2016,ice,0.9,False,,,
sic_sit_lenient,DBO1,2012_2016,ice,0.95,False,,,
sic_sit_lenient,DBO1,2017_2020,ice,0.05,True,0.06252713851498046,144.0,144.0
sic_sit_lenient,DBO1,2017_2020,ice,0.1,True,0.1289622231871472,297.0,297.0
sic_sit_lenient,DBO1,2017_2020,ice,0.15,True,0.19756838905775076,455.0,455.0
sic_sit_lenient,DBO1,2017_2020,ice,0.2,True,0.26834563612679113,618.0,618.0
sic_sit_lenient,DBO1,2017_2020,ice,0.25,True,0.34129396439426835,786.0,786.0
sic_sit_lenient,DBO1,2017_2020,ice,0.3,True,0.41554494138080766,957.0,957.0
sic_sit_lenient,DBO1,2017_2020,ice,0.35,True,0.49109856708640903,1131.0,1131.0
sic_sit_lenient,DBO1,2017_2020,ice,0.4,True,0.5688232739904473,1310.0,1310.0
sic_sit_lenient,DBO1,2017_2020,ice,0.45,True,0.6487190620929223,1494.0,1494.0
sic_sit_lenient,DBO1,2017_2020,ice,0.5,True,0.7307859313938341,1683.0,1683.0
sic_sit_lenient,DBO1,2017_2020,ice,0.55,True,0.8154580981328702,1878.0,1878.0
sic_sit_lenient,DBO1,2017_2020,ice,0.6,True,0.9036039947894051,2081.0,2081.0
sic_sit_lenient,DBO1,2017_2020,ice,0.65,False,,,
sic_sit_lenient,DBO1,2017_2020,ice,0.7,False,,,
sic_sit_lenient,DBO1,2017_2020,ice,0.75,False,,,
sic_sit_lenient,DBO1,2017_2020,ice,0.8,False,,,
sic_sit_lenient,DBO1,2017_2020,ice,0.85,False,,,
sic_sit_lenient,DBO1,2017_2020,ice,0.9,False,,,
sic_sit_lenient,DBO1,2017_2020,ice,0.95,False,,,
sic_sit_lenient,DBO4,2007_2011,ice,0.05,True,0.03907496012759171,49.0,49.0
sic_sit_lenient,DBO4,2007_2011,ice,0.1,True,0.08452950558213716,106.0,106.0
sic_sit_lenient,DBO4,2007_2011,ice,0.15,True,0.13636363636363635,171.0,171.0
sic_sit_lenient,DBO4,2007_2011,ice,0.2,True,0.19696969696969696,247.0,247.0
sic_sit_lenient,DBO4,2007_2011,ice,0.25,True,0.266347687400319,334.0,334.0
sic_sit_lenient,DBO4,2007_2011,ice,0.3,True,0.3444976076555024,432.0,432.0
sic_sit_lenient,DBO4,2007_2011,ice,0.35,True,0.430622009569378,540.0,540.0
sic_sit_lenient,DBO4,2007_2011,ice,0.4,True,0.5231259968102073,656.0,656.0
sic_sit_lenient,DBO4,2007_2011,ice,0.45,True,0.6220095693779905,780.0,780.0
sic_sit_lenient,DBO4,2007_2011,ice,0.5,True,0.7280701754385965,913.0,913.0
sic_sit_lenient,DBO4,2007_2011,ice,0.55,True,0.8421052631578947,1056.0,1056.0
sic_sit_lenient,DBO4,2007_2011,ice,0.6,True,0.9856459330143541,1236.0,1236.0
sic_sit_lenient,DBO4,2007_2011,ice,0.65,False,,,
sic_sit_lenient,DBO4,2007_2011,ice,0.7,False,,,
sic_sit_lenient,DBO4,2007_2011,ice,0.75,False,,,
sic_sit_lenient,DBO4,2007_2011,ice,0.8,False,,,
sic_sit_lenient,DBO4,2007_2011,ice,0.85,False,,,
sic_sit_lenient,DBO4,2007_2011,ice,0.9,False,,,
sic_sit_lenient,DBO4,2007_2011,ice,0.95,False,,,
sic_sit_lenient,DBO4,2009_2013,ice,0.05,True,0.03987240829346093,50.0,50.0
sic_sit_lenient,DBO4,2009_2013,ice,0.1,True,0.08293460925039872,104.0,104.0
sic_sit_lenient,DBO4,2009_2013,ice,0.15,True,0.1331738437001595,167.0,167.0
sic_sit_lenient,DBO4,2009_2013,ice,0.2,True,0.189792663476874,238.0,238.0
sic_sit_lenient,DBO4,2009_2013,ice,0.25,True,0.2527910685805423,317.0,317.0
sic_sit_lenient,DBO4,2009_2013,ice,0.3,True,0.32216905901116427,404.0,404.0
sic_sit_lenient,DBO4,2009_2013,ice,0.35,True,0.39952153110047844,501.0,501.0
sic_sit_lenient,DBO4,2009_2013,ice,0.4,True,0.48564593301435405,609.0,609.0
sic_sit_lenient,DBO4,2009_2013,ice,0.45,True,0.5789473684210527,726.0,726.0
sic_sit_lenient,DBO4,2009_2013,ice,0.5,True,0.6810207336523126,854.0,854.0
sic_sit_lenient,DBO4,2009_2013,ice,0.55,True,0.7910685805422647,992.0,992.0
sic_sit_lenient,DBO4,2009_2013,ice,0.6,True,0.9170653907496013,1150.0,1150.0
sic_sit_lenient,DBO4,2009_2013,ice,0.65,False,,,
sic_sit_lenient,DBO4,2009_2013,ice,0.7,False,,,
sic_sit_lenient,DBO4,2009_2013,ice,0.75,False,,,
sic_sit_lenient,DBO4,2009_2013,ice,0.8,False,,,
sic_sit_lenient,DBO4,2009_2013,ice,0.85,False,,,
sic_sit_lenient,DBO4,2009_2013,ice,0.9,False,,,
sic_sit_lenient,DBO4,2009_2013,ice,0.95,False,,,
sic_sit_lenient,DBO4,2012_2016,ice,0.05,True,0.04146730462519936,52.0,52.0
sic_sit_lenient,DBO4,2012_2016,ice,0.1,True,0.08771929824561403,110.0,110.0
sic_sit_lenient,DBO4,2012_2016,ice,0.15,True,0.1419457735247209,178.0,178.0
sic_sit_lenient,DBO4,2012_2016,ice,0.2,True,0.20095693779904306,252.0,252.0
sic_sit_lenient,DBO4,2012_2016,ice,0.25,True,0.26395534290271133,331.0,331.0
sic_sit_lenient,DBO4,2012_2016,ice,0.3,True,0.32854864433811803,412.0,412.0
sic_sit_lenient,DBO4,2012_2016,ice,0.35,True,0.39872408293460926,500.0,500.0
sic_sit_lenient,DBO4,2012_2016,ice,0.4,True,0.474481658692185,595.0,595.0
sic_sit_lenient,DBO4,2012_2016,ice,0.45,True,0.5582137161084529,700.0,700.0
sic_sit_lenient,DBO4,2012_2016,ice,0.5,True,0.6523125996810207,818.0,818.0
sic_sit_lenient,DBO4,2012_2016,ice,0.55,True,0.7559808612440191,948.0,948.0
sic_sit_lenient,DBO4,2012_2016,ice,0.6,True,0.8652312599681021,1085.0,1085.0
sic_sit_lenient,DBO4,2012_2016,ice,0.65,True,0.9952153110047847,1248.0,1248.0
sic_sit_lenient,DBO4,2012_2016,ice,0.7,False,,,
sic_sit_lenient,DBO4,2012_2016,ice,0.75,False,,,
sic_sit_lenient,DBO4,2012_2016,ice,0.8,False,,,
sic_sit_lenient,DBO4,2012_2016,ice,0.85,False,,,
sic_sit_lenient,DBO4,2012_2016,ice,0.9,False,,,
sic_sit_lenient,DBO4,2012_2016,ice,0.95,False,,,
sic_sit_lenient,DBO4,2016_2020,ice,0.05,True,0.051834130781499205,65.0,65.0
sic_sit_lenient,DBO4,2016_2020,ice,0.1,True,0.10845295055821372,136.0,136.0
sic_sit_lenient,DBO4,2016_2020,ice,0.15,True,0.1674641148325359,210.0,210.0
sic_sit_lenient,DBO4,2016_2020,ice,0.2,True,0.23125996810207336,290.0,290.0
sic_sit_lenient,DBO4,2016_2020,ice,0.25,True,0.29984051036682613,376.0,376.0
sic_sit_lenient,DBO4,2016_2020,ice,0.3,True,0.37559808612440193,471.0,471.0
sic_sit_lenient,DBO4,2016_2020,ice,0.35,True,0.45614035087719296,572.0,572.0
sic_sit_lenient,DBO4,2016_2020,ice,0.4,True,0.5422647527910686,680.0,680.0
sic_sit_lenient,DBO4,2016_2020,ice,0.45,True,0.6331738437001595,794.0,794.0
sic_sit_lenient,DBO4,2016_2020,ice,0.5,True,0.7344497607655502,921.0,921.0
sic_sit_lenient,DBO4,2016_2020,ice,0.55,True,0.861244019138756,1080.0,1080.0
sic_sit_lenient,DBO4,2016_2020,ice,0.6,False,,,
sic_sit_lenient,DBO4,2016_2020,ice,0.65,False,,,
sic_sit_lenient,DBO4,2016_2020,ice,0.7,False,,,
sic_sit_lenient,DBO4,2016_2020,ice,0.75,False,,,
sic_sit_lenient,DBO4,2016_2020,ice,0.8,False,,,
sic_sit_lenient,DBO4,2016_2020,ice,0.85,False,,,
sic_sit_lenient,DBO4,2016_2020,ice,0.9,False,,,
sic_sit_lenient,DBO4,2016_2020,ice,0.95,False,,,
sic_sit_strict,DBO1,1993_1997,ice,0.05,True,0.04732957012592271,109.0,109.0
sic_sit_strict,DBO1,1993_1997,ice,0.1,True,0.10421189752496743,240.0,240.0
sic_sit_strict,DBO1,1993_1997,ice,0.15,True,0.16630481980026052,383.0,383.0
sic_sit_strict,DBO1,1993_1997,ice,0.2,True,0.23143725575336518,533.0,533.0
sic_sit_strict,DBO1,1993_1997,ice,0.25,True,0.2978723404255319,686.0,686.0
sic_sit_strict,DBO1,1993_1997,ice,0.3,True,0.3660442900564481,843.0,843.0
sic_sit_strict,DBO1,1993_1997,ice,0.35,True,0.43595310464611375,1004.0,1004.0
sic_sit_strict,DBO1,1993_1997,ice,0.4,True,0.5093356491532783,1173.0,1173.0
sic_sit_strict,DBO1,1993_1997,ice,0.45,True,0.5874945722970039,1353.0,1353.0
sic_sit_strict,DBO1,1993_1997,ice,0.5,True,0.6712983065566652,1546.0,1546.0
sic_sit_strict,DBO1,1993_1997,ice,0.55,True,0.761615284411637,1754.0,1754.0
sic_sit_strict,DBO1,1993_1997,ice,0.6,True,0.8575770733825445,1975.0,1975.0
sic_sit_strict,DBO1,1993_1997,ice,0.65,True,0.9604863221884499,2212.0,2212.0
sic_sit_strict,DBO1,1993_1997,ice,0.7,False,,,
sic_sit_strict,DBO1,1993_1997,ice,0.75,False,,,
sic_sit_strict,DBO1,1993_1997,ice,0.8,False,,,
sic_sit_strict,DBO1,1993_1997,ice,0.85,False,,,
sic_sit_strict,DBO1,1993_1997,ice,0.9,False,,,
sic_sit_strict,DBO1,1993_1997,ice,0.95,False,,,
sic_sit_strict,DBO1,2009_2013,ice,0.05,True,0.04081632653061224,94.0,94.0
sic_sit_strict,DBO1,2009_2013,ice,0.1,True,0.0911854103343465,210.0,210.0
sic_sit_strict,DBO1,2009_2013,ice,0.15,True,0.14893617021276595,343.0,343.0
sic_sit_strict,DBO1,2009_2013,ice,0.2,True,0.21102909248805907,486.0,486.0
sic_sit_strict,DBO1,2009_2013,ice,0.25,True,0.2748588797221016,633.0,633.0
sic_sit_strict,DBO1,2009_2013,ice,0.3,True,0.3404255319148936,784.0,784.0
sic_sit_strict,DBO1,2009_2013,ice,0.35,True,0.40990013026487193,944.0,944.0
sic_sit_strict,DBO1,2009_2013,ice,0.4,True,0.4841511072514112,1115.0,1115.0
sic_sit_strict,DBO1,2009_2013,ice,0.45,True,0.5644811115935736,1300.0,1300.0
sic_sit_strict,DBO1,2009_2013,ice,0.5,True,0.6517585757707338,1501.0,1501.0
sic_sit_strict,DBO1,2009_2013,ice,0.55,True,0.743812418584455,1713.0,1713.0
sic_sit_strict,DBO1,2009_2013,ice,0.6,True,0.8432479374728615,1942.0,1942.0
sic_sit_strict,DBO1,2009_2013,ice,0.65,True,0.9643942683456361,2221.0,2221.0
sic_sit_strict,DBO1,2009_2013,ice,0.7,False,,,
sic_sit_strict,DBO1,2009_2013,ice,0.75,False,,,
sic_sit_strict,DBO1,2009_2013,ice,0.8,False,,,
sic_sit_strict,DBO1,2009_2013,ice,0.85,False,,,
sic_sit_strict,DBO1,2009_2013,ice,0.9,False,,,
sic_sit_strict,DBO1,2009_2013,ice,0.95,False,,,
sic_sit_strict,DBO1,2012_2016,ice,0.05,True,0.056882327399044724,131.0,131.0
sic_sit_strict,DBO1,2012_2016,ice,0.1,True,0.11636995223621363,268.0,268.0
sic_sit_strict,DBO1,2012_2016,ice,0.15,True,0.1788970907511941,412.0,412.0
sic_sit_strict,DBO1,2012_2016,ice,0.2,True,0.24489795918367346,564.0,564.0
sic_sit_strict,DBO1,2012_2016,ice,0.25,True,0.3126356925749023,720.0,720.0
sic_sit_strict,DBO1,2012_2016,ice,0.3,True,0.38254450716456795,881.0,881.0
sic_sit_strict,DBO1,2012_2016,ice,0.35,True,0.4550586191923578,1048.0,1048.0
sic_sit_strict,DBO1,2012_2016,ice,0.4,True,0.5293095961788971,1219.0,1219.0
sic_sit_strict,DBO1,2012_2016,ice,0.45,True,0.6061658706035605,1396.0,1396.0
sic_sit_strict,DBO1,2012_2016,ice,0.5,True,0.6877985236647851,1584.0,1584.0
sic_sit_strict,DBO1,2012_2016,ice,0.55,True,0.7763786365610074,1788.0,1788.0
sic_sit_strict,DBO1,2012_2016,ice,0.6,True,0.8714719930525402,2007.0,2007.0
sic_sit_strict,DBO1,2012_2016,ice,0.65,True,0.9787234042553191,2254.0,2254.0
sic_sit_strict,DBO1,2012_2016,ice,0.7,False,,,
sic_sit_strict,DBO1,2012_2016,ice,0.75,False,,,
sic_sit_strict,DBO1,2012_2016,ice,0.8,False,,,
sic_sit_strict,DBO1,2012_2016,ice,0.85,False,,,
sic_sit_strict,DBO1,2012_2016,ice,0.9,False,,,
sic_sit_strict,DBO1,2012_2016,ice,0.95,False,,,
sic_sit_strict,DBO1,2017_2020,ice,0.05,True,0.06773773339122884,156.0,156.0
sic_sit_strict,DBO1,2017_2020,ice,0.1,True,0.1411202778983934,325.0,325.0
sic_sit_strict,DBO1,2017_2020,ice,0.15,True,0.21710811984368214,500.0,500.0
sic_sit_strict,DBO1,2017_2020,ice,0.2,True,0.2961354754667825,682.0,682.0
sic_sit_strict,DBO1,2017_2020,ice,0.25,True,0.3773339122883196,869.0,869.0
sic_sit_strict,DBO1,2017_2020,ice,0.3,True,0.4598349978289188,1059.0,1059.0
sic_sit_strict,DBO1,2017_2020,ice,0.35,True,0.5449413808076422,1255.0,1255.0
sic_sit_strict,DBO1,2017_2020,ice,0.4,True,0.6326530612244898,1457.0,1457.0
sic_sit_strict,DBO1,2017_2020,ice,0.45,True,0.724706904038211,1669.0,1669.0
sic_sit_strict,DBO1,2017_2020,ice,0.5,True,0.8202344767694312,1889.0,1889.0
sic_sit_strict,DBO1,2017_2020,ice,0.55,True,0.9196699956578376,2118.0,2118.0
sic_sit_strict,DBO1,2017_2020,ice,0.6,False,,,
sic_sit_strict,DBO1,2017_2020,ice,0.65,False,,,
sic_sit_strict,DBO1,2017_2020,ice,0.7,False,,,
sic_sit_strict,DBO1,2017_2020,ice,0.75,False,,,
sic_sit_strict,DBO1,2017_2020,ice,0.8,False,,,
sic_sit_strict,DBO1,2017_2020,ice,0.85,False,,,
sic_sit_strict,DBO1,2017_2020,ice,0.9,False,,,
sic_sit_strict,DBO1,2017_2020,ice,0.95,False,,,
sic_sit_strict,DBO4,2007_2011,ice,0.05,True,0.04226475279106858,53.0,53.0
sic_sit_strict,DBO4,2007_2011,ice,0.1,True,0.09250398724082935,116.0,116.0
sic_sit_strict,DBO4,2007_2011,ice,0.15,True,0.1507177033492823,189.0,189.0
sic_sit_strict,DBO4,2007_2011,ice,0.2,True,0.21850079744816586,274.0,274.0
sic_sit_strict,DBO4,2007_2011,ice,0.25,True,0.2966507177033493,372.0,372.0
sic_sit_strict,DBO4,2007_2011,ice,0.3,True,0.3843700159489633,482.0,482.0
sic_sit_strict,DBO4,2007_2011,ice,0.35,True,0.47926634768740034,601.0,601.0
sic_sit_strict,DBO4,2007_2011,ice,0.4,True,0.5813397129186603,729.0,729.0
sic_sit_strict,DBO4,2007_2011,ice,0.45,True,0.689792663476874,865.0,865.0
sic_sit_strict,DBO4,2007_2011,ice,0.5,True,0.80622009569378,1011.0,1011.0
sic_sit_strict,DBO4,2007_2011,ice,0.55,True,0.9401913875598086,1179.0,1179.0
sic_sit_strict,DBO4,2007_2011,ice,0.6,False,,,
sic_sit_strict,DBO4,2007_2011,ice,0.65,False,,,
sic_sit_strict,DBO4,2007_2011,ice,0.7,False,,,
sic_sit_strict,DBO4,2007_2011,ice,0.75,False,,,
sic_sit_strict,DBO4,2007_2011,ice,0.8,False,,,
sic_sit_strict,DBO4,2007_2011,ice,0.85,False,,,
sic_sit_strict,DBO4,2007_2011,ice,0.9,False,,,
sic_sit_strict,DBO4,2007_2011,ice,0.95,False,,,
sic_sit_strict,DBO4,2009_2013,ice,0.05,True,0.0430622009569378,54.0,54.0
sic_sit_strict,DBO4,2009_2013,ice,0.1,True,0.09090909090909091,114.0,114.0
sic_sit_strict,DBO4,2009_2013,ice,0.15,True,0.14752791068580542,185.0,185.0
sic_sit_strict,DBO4,2009_2013,ice,0.2,True,0.2113237639553429,265.0,265.0
sic_sit_strict,DBO4,2009_2013,ice,0.25,True,0.28309409888357256,355.0,355.0
sic_sit_strict,DBO4,2009_2013,ice,0.3,True,0.3628389154704944,455.0,455.0
sic_sit_strict,DBO4,2009_2013,ice,0.35,True,0.45215311004784686,567.0,567.0
sic_sit_strict,DBO4,2009_2013,ice,0.4,True,0.5502392344497608,690.0,690.0
sic_sit_strict,DBO4,2009_2013,ice,0.45,True,0.6555023923444976,822.0,822.0
sic_sit_strict,DBO4,2009_2013,ice,0.5,True,0.7695374800637959,965.0,965.0
sic_sit_strict,DBO4,2009_2013,ice,0.55,True,0.89792663476874,1126.0,1126.0
sic_sit_strict,DBO4,2009_2013,ice,0.6,False,,,
sic_sit_strict,DBO4,2009_2013,ice,0.65,False,,,
sic_sit_strict,DBO4,2009_2013,ice,0.7,False,,,
sic_sit_strict,DBO4,2009_2013,ice,0.75,False,,,
sic_sit_strict,DBO4,2009_2013,ice,0.8,False,,,
sic_sit_strict,DBO4,2009_2013,ice,0.85,False,,,
sic_sit_strict,DBO4,2009_2013,ice,0.9,False,,,
sic_sit_strict,DBO4,2009_2013,ice,0.95,False,,,
sic_sit_strict,DBO4,2012_2016,ice,0.05,True,0.046251993620414676,58.0,58.0
sic_sit_strict,DBO4,2012_2016,ice,0.1,True,0.09968102073365231,125.0,125.0
sic_sit_strict,DBO4,2012_2016,ice,0.15,True,0.16108452950558214,202.0,202.0
sic_sit_strict,DBO4,2012_2016,ice,0.2,True,0.22727272727272727,285.0,285.0
sic_sit_strict,DBO4,2012_2016,ice,0.25,True,0.2974481658692185,373.0,373.0
sic_sit_strict,DBO4,2012_2016,ice,0.3,True,0.37161084529505584,466.0,466.0
sic_sit_strict,DBO4,2012_2016,ice,0.35,True,0.45215311004784686,567.0,567.0
sic_sit_strict,DBO4,2012_2016,ice,0.4,True,0.5406698564593302,678.0,678.0
sic_sit_strict,DBO4,2012_2016,ice,0.45,True,0.6427432216905901,806.0,806.0
sic_sit_strict,DBO4,2012_2016,ice,0.5,True,0.75518341307815,947.0,947.0
sic_sit_strict,DBO4,2012_2016,ice,0.55,True,0.8732057416267942,1095.0,1095.0
sic_sit_strict,DBO4,2012_2016,ice,0.6,False,,,
sic_sit_strict,DBO4,2012_2016,ice,0.65,False,,,
sic_sit_strict,DBO4,2012_2016,ice,0.7,False,,,
sic_sit_strict,DBO4,2012_2016,ice,0.75,False,,,
sic_sit_strict,DBO4,2012_2016,ice,0.8,False,,,
sic_sit_strict,DBO4,2012_2016,ice,0.85,False,,,
sic_sit_strict,DBO4,2012_2016,ice,0.9,False,,,
sic_sit_strict,DBO4,2012_2016,ice,0.95,False,,,
sic_sit_strict,DBO4,2016_2020,ice,0.05,True,0.05661881977671451,71.0,71.0
sic_sit_strict,DBO4,2016_2020,ice,0.1,True,0.11802232854864433,148.0,148.0
sic_sit_strict,DBO4,2016_2020,ice,0.15,True,0.18261562998405104,229.0,229.0
sic_sit_strict,DBO4,2016_2020,ice,0.2,True,0.25199362041467305,316.0,316.0
sic_sit_strict,DBO4,2016_2020,ice,0.25,True,0.3277511961722488,411.0,411.0
sic_sit_strict,DBO4,2016_2020,ice,0.3,True,0.4082934609250399,512.0,512.0
sic_sit_strict,DBO4,2016_2020,ice,0.35,True,0.49521531100478466,621.0,621.0
sic_sit_strict,DBO4,2016_2020,ice,0.4,True,0.5885167464114832,738.0,738.0
sic_sit_strict,DBO4,2016_2020,ice,0.45,True,0.6874003189792663,862.0,862.0
sic_sit_strict,DBO4,2016_2020,ice,0.5,True,0.8046251993620415,1009.0,1009.0
sic_sit_strict,DBO4,2016_2020,ice,0.55,True,0.9641148325358851,1209.0,1209.0
sic_sit_strict,DBO4,2016_2020,ice,0.6,False,,,
sic_sit_strict,DBO4,2016_2020,ice,0.65,False,,,
sic_sit_strict,DBO4,2016_2020,ice,0.7,False,,,
sic_sit_strict,DBO4,2016_2020,ice,0.75,False,,,
sic_sit_strict,DBO4,2016_2020,ice,0.8,False,,,
sic_sit_strict,DBO4,2016_2020,ice,0.85,False,,,
sic_sit_strict,DBO4,2016_2020,ice,0.9,False,,,
sic_sit_strict,DBO4,2016_2020,ice,0.95,False,,,
nonlocal_multiplier_0p37,DBO1,1993_1997,ice,0.05,True,0.03864524533217542,89.0,89.0
nonlocal_multiplier_0p37,DBO1,1993_1997,ice,0.1,True,0.0851063829787234,196.0,196.0
nonlocal_multiplier_0p37,DBO1,1993_1997,ice,0.15,True,0.13590968302214504,313.0,313.0
nonlocal_multiplier_0p37,DBO1,1993_1997,ice,0.2,True,0.19018671298306555,438.0,438.0
nonlocal_multiplier_0p37,DBO1,1993_1997,ice,0.25,True,0.24533217542336083,565.0,565.0
nonlocal_multiplier_0p37,DBO1,1993_1997,ice,0.3,True,0.3017802865827182,695.0,695.0
nonlocal_multiplier_0p37,DBO1,1993_1997,ice,0.35,True,0.35953104646113765,828.0,828.0
nonlocal_multiplier_0p37,DBO1,1993_1997,ice,0.4,True,0.4194528875379939,966.0,966.0
nonlocal_multiplier_0p37,DBO1,1993_1997,ice,0.45,True,0.4819800260529744,1110.0,1110.0
nonlocal_multiplier_0p37,DBO1,1993_1997,ice,0.5,True,0.5501519756838906,1267.0,1267.0
nonlocal_multiplier_0p37,DBO1,1993_1997,ice,0.55,True,0.6239687364307425,1437.0,1437.0
nonlocal_multiplier_0p37,DBO1,1993_1997,ice,0.6,True,0.7008250108554059,1614.0,1614.0
nonlocal_multiplier_0p37,DBO1,1993_1997,ice,0.65,True,0.7789839339991316,1794.0,1794.0
nonlocal_multiplier_0p37,DBO1,1993_1997,ice,0.7,True,0.860616587060356,1982.0,1982.0
nonlocal_multiplier_0p37,DBO1,1993_1997,ice,0.75,True,0.9500651324359531,2188.0,2188.0
nonlocal_multiplier_0p37,DBO1,1993_1997,ice,0.8,False,,,
nonlocal_multiplier_0p37,DBO1,1993_1997,ice,0.85,False,,,
nonlocal_multiplier_0p37,DBO1,1993_1997,ice,0.9,False,,,
nonlocal_multiplier_0p37,DBO1,1993_1997,ice,0.95,False,,,
nonlocal_multiplier_0p37,DBO1,2009_2013,ice,0.05,True,0.03300043421623969,76.0,76.0
nonlocal_multiplier_0p37,DBO1,2009_2013,ice,0.1,True,0.0729483282674772,168.0,168.0
nonlocal_multiplier_0p37,DBO1,2009_2013,ice,0.15,True,0.11854103343465046,273.0,273.0
nonlocal_multiplier_0p37,DBO1,2009_2013,ice,0.2,True,0.16804168475901,387.0,387.0
nonlocal_multiplier_0p37,DBO1,2009_2013,ice,0.25,True,0.2201476335214937,507.0,507.0
nonlocal_multiplier_0p37,DBO1,2009_2013,ice,0.3,True,0.27312201476335213,629.0,629.0
nonlocal_multiplier_0p37,DBO1,2009_2013,ice,0.35,True,0.3282674772036474,756.0,756.0
nonlocal_multiplier_0p37,DBO1,2009_2013,ice,0.4,True,0.3860182370820669,889.0,889.0
nonlocal_multiplier_0p37,DBO1,2009_2013,ice,0.45,True,0.4476769431176726,1031.0,1031.0
nonlocal_multiplier_0p37,DBO1,2009_2013,ice,0.5,True,0.5141120277898393,1184.0,1184.0
nonlocal_multiplier_0p37,DBO1,2009_2013,ice,0.55,True,0.5857577073382545,1349.0,1349.0
nonlocal_multiplier_0p37,DBO1,2009_2013,ice,0.6,True,0.6604429005644811,1521.0,1521.0
nonlocal_multiplier_0p37,DBO1,2009_2013,ice,0.65,True,0.7381676074685193,1700.0,1700.0
nonlocal_multiplier_0p37,DBO1,2009_2013,ice,0.7,True,0.822405557967868,1894.0,1894.0
nonlocal_multiplier_0p37,DBO1,2009_2013,ice,0.75,True,0.9192357794181503,2117.0,2117.0
nonlocal_multiplier_0p37,DBO1,2009_2013,ice,0.8,False,,,
nonlocal_multiplier_0p37,DBO1,2009_2013,ice,0.85,False,,,
nonlocal_multiplier_0p37,DBO1,2009_2013,ice,0.9,False,,,
nonlocal_multiplier_0p37,DBO1,2009_2013,ice,0.95,False,,,
nonlocal_multiplier_0p37,DBO1,2012_2016,ice,0.05,True,0.04819800260529744,111.0,111.0
nonlocal_multiplier_0p37,DBO1,2012_2016,ice,0.1,True,0.09900130264871906,228.0,228.0
nonlocal_multiplier_0p37,DBO1,2012_2016,ice,0.15,True,0.15240990013026487,351.0,351.0
nonlocal_multiplier_0p37,DBO1,2012_2016,ice,0.2,True,0.20842379504993486,480.0,480.0
nonlocal_multiplier_0p37,DBO1,2012_2016,ice,0.25,True,0.26617455492835435,613.0,613.0
nonlocal_multiplier_0p37,DBO1,2012_2016,ice,0.3,True,0.32566217976552325,750.0,750.0
nonlocal_multiplier_0p37,DBO1,2012_2016,ice,0.35,True,0.3881893182805037,894.0,894.0
nonlocal_multiplier_0p37,DBO1,2012_2016,ice,0.4,True,0.4537559704732957,1045.0,1045.0
nonlocal_multiplier_0p37,DBO1,2012_2016,ice,0.45,True,0.5227963525835866,1204.0,1204.0
nonlocal_multiplier_0p37,DBO1,2012_2016,ice,0.5,True,0.5944420321320018,1369.0,1369.0
nonlocal_multiplier_0p37,DBO1,2012_2016,ice,0.55,True,0.6691272253582284,1541.0,1541.0
nonlocal_multiplier_0p37,DBO1,2012_2016,ice,0.6,True,0.747286148501954,1721.0,1721.0
nonlocal_multiplier_0p37,DBO1,2012_2016,ice,0.65,True,0.8267477203647416,1904.0,1904.0
nonlocal_multiplier_0p37,DBO1,2012_2016,ice,0.7,True,0.9114198871037776,2099.0,2099.0
nonlocal_multiplier_0p37,DBO1,2012_2016,ice,0.75,False,,,
nonlocal_multiplier_0p37,DBO1,2012_2016,ice,0.8,False,,,
nonlocal_multiplier_0p37,DBO1,2012_2016,ice,0.85,False,,,
nonlocal_multiplier_0p37,DBO1,2012_2016,ice,0.9,False,,,
nonlocal_multiplier_0p37,DBO1,2012_2016,ice,0.95,False,,,
nonlocal_multiplier_0p37,DBO1,2017_2020,ice,0.05,True,0.06556665219279201,151.0,151.0
nonlocal_multiplier_0p37,DBO1,2017_2020,ice,0.1,True,0.1350412505427703,311.0,311.0
nonlocal_multiplier_0p37,DBO1,2017_2020,ice,0.15,True,0.20712114633087278,477.0,477.0
nonlocal_multiplier_0p37,DBO1,2017_2020,ice,0.2,True,0.28137212331741207,648.0,648.0
nonlocal_multiplier_0p37,DBO1,2017_2020,ice,0.25,True,0.35692574902301344,822.0,822.0
nonlocal_multiplier_0p37,DBO1,2017_2020,ice,0.3,True,0.43465045592705165,1001.0,1001.0
nonlocal_multiplier_0p37,DBO1,2017_2020,ice,0.35,True,0.5145462440295268,1185.0,1185.0
nonlocal_multiplier_0p37,DBO1,2017_2020,ice,0.4,True,0.5974815458098133,1376.0,1376.0
nonlocal_multiplier_0p37,DBO1,2017_2020,ice,0.45,True,0.6847590099869735,1577.0,1577.0
nonlocal_multiplier_0p37,DBO1,2017_2020,ice,0.5,True,0.7750759878419453,1785.0,1785.0
nonlocal_multiplier_0p37,DBO1,2017_2020,ice,0.55,True,0.8684324793747286,2000.0,2000.0
nonlocal_multiplier_0p37,DBO1,2017_2020,ice,0.6,True,0.9687364307425098,2231.0,2231.0
nonlocal_multiplier_0p37,DBO1,2017_2020,ice,0.65,False,,,
nonlocal_multiplier_0p37,DBO1,2017_2020,ice,0.7,False,,,
nonlocal_multiplier_0p37,DBO1,2017_2020,ice,0.75,False,,,
nonlocal_multiplier_0p37,DBO1,2017_2020,ice,0.8,False,,,
nonlocal_multiplier_0p37,DBO1,2017_2020,ice,0.85,False,,,
nonlocal_multiplier_0p37,DBO1,2017_2020,ice,0.9,False,,,
nonlocal_multiplier_0p37,DBO1,2017_2020,ice,0.95,False,,,
nonlocal_multiplier_0p37,DBO4,2007_2011,ice,0.05,True,0.03987240829346093,50.0,50.0
nonlocal_multiplier_0p37,DBO4,2007_2011,ice,0.1,True,0.08692185007974482,109.0,109.0
nonlocal_multiplier_0p37,DBO4,2007_2011,ice,0.15,True,0.14114832535885166,177.0,177.0
nonlocal_multiplier_0p37,DBO4,2007_2011,ice,0.2,True,0.20414673046251994,256.0,256.0
nonlocal_multiplier_0p37,DBO4,2007_2011,ice,0.25,True,0.27751196172248804,348.0,348.0
nonlocal_multiplier_0p37,DBO4,2007_2011,ice,0.3,True,0.36044657097288674,452.0,452.0
nonlocal_multiplier_0p37,DBO4,2007_2011,ice,0.35,True,0.44976076555023925,564.0,564.0
nonlocal_multiplier_0p37,DBO4,2007_2011,ice,0.4,True,0.5470494417862839,686.0,686.0
nonlocal_multiplier_0p37,DBO4,2007_2011,ice,0.45,True,0.6507177033492823,816.0,816.0
nonlocal_multiplier_0p37,DBO4,2007_2011,ice,0.5,True,0.7615629984051037,955.0,955.0
nonlocal_multiplier_0p37,DBO4,2007_2011,ice,0.55,True,0.886762360446571,1112.0,1112.0
nonlocal_multiplier_0p37,DBO4,2007_2011,ice,0.6,False,,,
nonlocal_multiplier_0p37,DBO4,2007_2011,ice,0.65,False,,,
nonlocal_multiplier_0p37,DBO4,2007_2011,ice,0.7,False,,,
nonlocal_multiplier_0p37,DBO4,2007_2011,ice,0.75,False,,,
nonlocal_multiplier_0p37,DBO4,2007_2011,ice,0.8,False,,,
nonlocal_multiplier_0p37,DBO4,2007_2011,ice,0.85,False,,,
nonlocal_multiplier_0p37,DBO4,2007_2011,ice,0.9,False,,,
nonlocal_multiplier_0p37,DBO4,2007_2011,ice,0.95,False,,,
nonlocal_multiplier_0p37,DBO4,2009_2013,ice,0.05,True,0.03987240829346093,50.0,50.0
nonlocal_multiplier_0p37,DBO4,2009_2013,ice,0.1,True,0.08452950558213716,106.0,106.0
nonlocal_multiplier_0p37,DBO4,2009_2013,ice,0.15,True,0.13556618819776714,170.0,170.0
nonlocal_multiplier_0p37,DBO4,2009_2013,ice,0.2,True,0.19537480063795853,245.0,245.0
nonlocal_multiplier_0p37,DBO4,2009_2013,ice,0.25,True,0.2623604465709729,329.0,329.0
nonlocal_multiplier_0p37,DBO4,2009_2013,ice,0.3,True,0.335725677830941,421.0,421.0
nonlocal_multiplier_0p37,DBO4,2009_2013,ice,0.35,True,0.4178628389154705,524.0,524.0
nonlocal_multiplier_0p37,DBO4,2009_2013,ice,0.4,True,0.5087719298245614,638.0,638.0
nonlocal_multiplier_0p37,DBO4,2009_2013,ice,0.45,True,0.6076555023923444,762.0,762.0
nonlocal_multiplier_0p37,DBO4,2009_2013,ice,0.5,True,0.715311004784689,897.0,897.0
nonlocal_multiplier_0p37,DBO4,2009_2013,ice,0.55,True,0.8333333333333334,1045.0,1045.0
nonlocal_multiplier_0p37,DBO4,2009_2013,ice,0.6,False,,,
nonlocal_multiplier_0p37,DBO4,2009_2013,ice,0.65,False,,,
nonlocal_multiplier_0p37,DBO4,2009_2013,ice,0.7,False,,,
nonlocal_multiplier_0p37,DBO4,2009_2013,ice,0.75,False,,,
nonlocal_multiplier_0p37,DBO4,2009_2013,ice,0.8,False,,,
nonlocal_multiplier_0p37,DBO4,2009_2013,ice,0.85,False,,,
nonlocal_multiplier_0p37,DBO4,2009_2013,ice,0.9,False,,,
nonlocal_multiplier_0p37,DBO4,2009_2013,ice,0.95,False,,,
nonlocal_multiplier_0p37,DBO4,2012_2016,ice,0.05,True,0.04226475279106858,53.0,53.0
nonlocal_multiplier_0p37,DBO4,2012_2016,ice,0.1,True,0.09170653907496013,115.0,115.0
nonlocal_multiplier_0p37,DBO4,2012_2016,ice,0.15,True,0.14832535885167464,186.0,186.0
nonlocal_multiplier_0p37,DBO4,2012_2016,ice,0.2,True,0.2113237639553429,265.0,265.0
nonlocal_multiplier_0p37,DBO4,2012_2016,ice,0.25,True,0.2767145135566188,347.0,347.0
nonlocal_multiplier_0p37,DBO4,2012_2016,ice,0.3,True,0.34609250398724084,434.0,434.0
nonlocal_multiplier_0p37,DBO4,2012_2016,ice,0.35,True,0.42105263157894735,528.0,528.0
nonlocal_multiplier_0p37,DBO4,2012_2016,ice,0.4,True,0.5031897926634769,631.0,631.0
nonlocal_multiplier_0p37,DBO4,2012_2016,ice,0.45,True,0.5964912280701754,748.0,748.0
nonlocal_multiplier_0p37,DBO4,2012_2016,ice,0.5,True,0.7001594896331739,878.0,878.0
nonlocal_multiplier_0p37,DBO4,2012_2016,ice,0.55,True,0.8110047846889952,1017.0,1017.0
nonlocal_multiplier_0p37,DBO4,2012_2016,ice,0.6,True,0.9314194577352473,1168.0,1168.0
nonlocal_multiplier_0p37,DBO4,2012_2016,ice,0.65,False,,,
nonlocal_multiplier_0p37,DBO4,2012_2016,ice,0.7,False,,,
nonlocal_multiplier_0p37,DBO4,2012_2016,ice,0.75,False,,,
nonlocal_multiplier_0p37,DBO4,2012_2016,ice,0.8,False,,,
nonlocal_multiplier_0p37,DBO4,2012_2016,ice,0.85,False,,,
nonlocal_multiplier_0p37,DBO4,2012_2016,ice,0.9,False,,,
nonlocal_multiplier_0p37,DBO4,2012_2016,ice,0.95,False,,,
nonlocal_multiplier_0p37,DBO4,2016_2020,ice,0.05,True,0.05422647527910686,68.0,68.0
nonlocal_multiplier_0p37,DBO4,2016_2020,ice,0.1,True,0.11323763955342903,142.0,142.0
nonlocal_multiplier_0p37,DBO4,2016_2020,ice,0.15,True,0.17464114832535885,219.0,219.0
nonlocal_multiplier_0p37,DBO4,2016_2020,ice,0.2,True,0.24082934609250398,302.0,302.0
nonlocal_multiplier_0p37,DBO4,2016_2020,ice,0.25,True,0.31259968102073366,392.0,392.0
nonlocal_multiplier_0p37,DBO4,2016_2020,ice,0.3,True,0.3923444976076555,492.0,492.0
nonlocal_multiplier_0p37,DBO4,2016_2020,ice,0.35,True,0.47767145135566186,599.0,599.0
nonlocal_multiplier_0p37,DBO4,2016_2020,ice,0.4,True,0.569377990430622,714.0,714.0
nonlocal_multiplier_0p37,DBO4,2016_2020,ice,0.45,True,0.6666666666666666,836.0,836.0
nonlocal_multiplier_0p37,DBO4,2016_2020,ice,0.5,True,0.7822966507177034,981.0,981.0
nonlocal_multiplier_0p37,DBO4,2016_2020,ice,0.55,True,0.9330143540669856,1170.0,1170.0
nonlocal_multiplier_0p37,DBO4,2016_2020,ice,0.6,False,,,
nonlocal_multiplier_0p37,DBO4,2016_2020,ice,0.65,False,,,
nonlocal_multiplier_0p37,DBO4,2016_2020,ice,0.7,False,,,
nonlocal_multiplier_0p37,DBO4,2016_2020,ice,0.75,False,,,
nonlocal_multiplier_0p37,DBO4,2016_2020,ice,0.8,False,,,
nonlocal_multiplier_0p37,DBO4,2016_2020,ice,0.85,False,,,
nonlocal_multiplier_0p37,DBO4,2016_2020,ice,0.9,False,,,
nonlocal_multiplier_0p37,DBO4,2016_2020,ice,0.95,False,,,
