site,window,surface,observed_grid_cells_n,observed_mean,predicted_mean,rmse,mae,bias,r2_cv
DBO1,1993_1997,Polychaeta,30,1.7976666666666667,1.8634034384561855,1.0715195487662823,0.8104214470203611,0.0657367717895184,-0.1220117678688501
DBO1,1993_1997,Bivalvia,30,9.468666666666667,9.750670980818333,5.743058757513904,4.241911904396098,0.2820043141516659,0.126765948009716
DBO1,1993_1997,Sipuncula,30,0.5873333333333334,0.6256579312737727,1.2388708716097334,0.9167695772442992,0.0383245979404393,-0.2815484158933661
DBO1,1993_1997,Total prey (summed),30,11.853666666666667,12.239732350548291,5.6968415010384685,4.307019074433097,0.38606568388162354,0.14413141681256358
DBO1,1996_2000,Polychaeta,37,2.406126126126126,2.4704940390847256,1.2137932579590271,0.8915042815641617,0.0643679129585989,-0.0611016716703904
DBO1,1996_2000,Bivalvia,37,12.685090090090092,12.686323797339307,7.212081671854457,5.165254407932603,0.0012337072492172,0.1317342780573881
DBO1,1996_2000,Sipuncula,37,0.2104054054054054,0.1965514707697226,0.5774233061922545,0.3917486940919824,-0.0138539346356827,-0.5114093459516931
DBO1,1996_2000,Total prey (summed),37,15.30162162162162,15.353369307193757,6.9479135497511155,5.182173444306179,0.05174768557213358,0.10780765085249433
DBO1,1999_2003,Polychaeta,37,2.6020141570141577,2.6141141657799594,1.2503836198788851,1.0191951281789924,0.0121000087658021,-0.2420845566204388
DBO1,1999_2003,Bivalvia,37,12.704214929214931,12.828413076776323,6.335210268871427,4.826028294033435,0.1241981475613956,0.159660933316706
DBO1,1999_2003,Sipuncula,37,0.3061454311454311,0.3065212788146257,0.8241082618337614,0.5306645494337604,0.0003758476691945,-0.2225576959610371
DBO1,1999_2003,Total prey (summed),37,15.612374517374516,15.749048521370911,6.386629780760482,5.069606002172587,0.13667400399639246,0.12718533089337458
DBO1,2002_2006,Polychaeta,29,3.111494252873564,3.1183920568135113,1.25151894444586,0.9926132796887338,0.0068978039399486,0.106247755900198
DBO1,2002_2006,Bivalvia,29,9.903781609195402,10.009293193446204,5.054458960240663,3.7829660839932697,0.1055115842508007,0.1576596808414836
DBO1,2002_2006,Sipuncula,29,0.3507126436781609,0.3653837068730525,0.8502052431505236,0.6164064706352611,0.0146710631948915,-0.258390896041581
DBO1,2002_2006,Total prey (summed),29,13.365988505747127,13.493068957132765,5.437025204834716,4.483163573344262,0.12708045138564092,0.16434092644668774
DBO1,2005_2009,Polychaeta,45,3.61832328042328,3.613619227789236,1.1179400026092752,0.906396953246782,-0.0047040526340444,0.1027279365376434
DBO1,2005_2009,Bivalvia,45,9.155283333333331,9.149056982736344,3.5625407838397307,2.692829627261399,-0.0062263505969889,0.6352678703262046
DBO1,2005_2009,Sipuncula,45,0.1685079365079365,0.1536969358938666,0.4647879760533798,0.2630100122141479,-0.0148110006140699,-0.234838015723247
DBO1,2005_2009,Total prey (summed),45,12.942114550264545,12.916373146419444,3.6934650704384286,2.9549852824930505,-0.025741403845103032,0.5975917015456156
DBO1,2008_2012,Polychaeta,42,3.726079365079365,3.716195222224557,1.3859089452766755,1.1000189641337432,-0.0098841428548084,0.1465509057203601
DBO1,2008_2012,Bivalvia,42,10.625139455782314,10.8596723013692,5.0136483689490525,4.030115991456732,0.2345328455868891,0.5436557989864248
DBO1,2008_2012,Sipuncula,42,0.0377063492063492,0.037185657433677,0.1123718110205658,0.063480175203218,-0.0005206917726722,-0.2584400519994059
DBO1,2008_2012,Total prey (summed),42,14.38892517006803,14.613053181027434,5.025146757327131,3.8911807254969837,0.2241280109594086,0.5310091783932647
DBO1,2009_2013,Polychaeta,33,3.627646464646465,3.5859962518980013,1.5271926379840937,1.096398482767981,-0.0416502127484635,0.2235365158319611
DBO1,2009_2013,Bivalvia,33,11.839939393939394,12.153649262254746,4.924537355662212,3.8425981616125418,0.3137098683153517,0.5979892277167524
DBO1,2009_2013,Sipuncula,33,0.0453131313131313,0.0463566822509694,0.1385601897141224,0.08030519549508,0.0010435509378381,-0.2607073980882846
DBO1,2009_2013,Total prey (summed),33,15.512898989898991,15.786002196403714,4.97013545247061,3.812571599425072,0.273103206504726,0.5762405235421482
DBO1,2011_2015,Polychaeta,5,4.644399999999999,4.976395780343537,1.5361735419140596,1.1223133629880102,0.3319957803435365,0.4056965473595051
DBO1,2011_2015,Bivalvia,5,7.3356,6.971084852324512,4.790157888725529,4.034443019076864,-0.3645151476754883,0.3216435147039027
DBO1,2011_2015,Sipuncula,5,0.2347999999999999,0.2248022228544379,0.3134741361534079,0.2708128886617499,-0.009997777145562,-0.7169003140257444
DBO1,2011_2015,Total prey (summed),5,12.2148,12.172282855522486,3.7202143641678487,3.0270028914488964,-0.042517144477514,0.20999368925369877
DBO1,2012_2016,Polychaeta,5,4.717599999999999,5.08637290128601,1.7504130057935294,1.206566168503087,0.3687729012860098,0.2688710004503829
DBO1,2012_2016,Bivalvia,5,6.7732,6.873758875674499,3.98273292354477,3.7629037080052266,0.1005588756744984,0.2869767852664672
DBO1,2012_2016,Sipuncula,5,0.2,0.1756155172600566,0.3017907446815381,0.2525610041954177,-0.0243844827399433,-0.3881080151348111
DBO1,2012_2016,Total prey (summed),5,11.6908,12.135747294220566,3.121472213357452,2.647423822147465,0.4449472942205652,-0.042043950704667044
DBO1,2014_2018,Polychaeta,6,5.070555555555556,4.95428756622891,1.3986135180907324,1.3308289792332806,-0.1162679893266458,0.798428932950333
DBO1,2014_2018,Bivalvia,6,6.32511111111111,6.206193789912986,3.712734241745935,3.0991150446143187,-0.118917321198125,-1.0458987030142013
DBO1,2014_2018,Sipuncula,6,0.0888888888888888,0.1013108619638609,0.1757608106362546,0.1652275817030694,0.012421973074972,-1.0865430652024326
DBO1,2014_2018,Total prey (summed),6,11.484555555555554,11.261792218105754,3.6733554226422833,3.365987967452771,-0.22276333744979984,-0.09817272282740519
DBO1,2017_2020,Polychaeta,6,4.544969222222222,4.210662892998675,1.4286916044177809,1.056560466811874,-0.3343063292235468,0.6290454466608459
DBO1,2017_2020,Bivalvia,6,6.079238111111111,6.129953021780416,2.243813368809241,1.6633589450796278,0.0507149106693053,0.3853247986401009
DBO1,2017_2020,Sipuncula,6,0.0577966666666666,0.0961259286889035,0.1897836973237219,0.1479807371002252,0.0383292620222368,-1.4292313552786888
DBO1,2017_2020,Total prey (summed),6,10.682004,10.436741843467995,1.5021676609912697,1.2699964097925496,-0.24526215653200442,0.8696689979996302
DBO4,2007_2011,Polychaeta,79,5.109386843114691,5.176096905557655,2.7479276169238616,1.8201670663359997,0.0667100624429629,0.3097183737521809
DBO4,2007_2011,Bivalvia,79,5.502019754507096,5.502256126276758,4.2729359532996725,2.8315923585839804,0.000236371769662,0.4222457060843305
DBO4,2007_2011,Sipuncula,79,1.7599144610663595,1.7722346404102547,2.4853354630254265,1.7153789479491532,0.012320179343895,-0.0035167203107535
DBO4,2007_2011,Total prey (summed),79,12.371321058688148,12.450587672244664,5.753893751095438,3.93439635465721,0.07926661355652014,0.09058103563611009
DBO4,2009_2013,Polychaeta,82,5.0278433422149345,5.064450625576981,2.6209389697564034,1.7076112677471973,0.0366072833620462,0.3635293741522644
DBO4,2009_2013,Bivalvia,82,6.651591856254697,6.811440496641661,4.373058309808475,3.026212597410878,0.1598486403869636,0.5367343294074165
DBO4,2009_2013,Sipuncula,82,1.6588662635786022,1.667905569080572,2.208625187583901,1.5822977465386912,0.0090393055019694,0.0193707006052602
DBO4,2009_2013,Total prey (summed),82,13.338301462048232,13.543796691299214,5.723543349266571,4.049716176411264,0.20549522925097896,0.16312057313618933
DBO4,2010_2014,Polychaeta,76,5.122458333333333,5.15663528064469,2.8335793968376715,1.91234853586177,0.0341769473113563,0.3564593525948984
DBO4,2010_2014,Bivalvia,76,6.795782894736843,6.8862353262074185,4.532009295269177,3.2652176976056575,0.0904524314705765,0.5016127577097964
DBO4,2010_2014,Sipuncula,76,1.820032894736842,1.856141215922997,2.446879938640772,1.8440586237161376,0.0361083211861549,-0.0044117018725942
DBO4,2010_2014,Total prey (summed),76,13.738274122807017,13.899011822775103,6.045902770039334,4.545646334888151,0.16073769996808776,0.09455088832085312
DBO4,2012_2016,Polychaeta,43,5.031542635658916,5.063867222930143,3.3837033151607914,2.392317808345196,0.0323245872712274,-0.0167051701198679
DBO4,2012_2016,Bivalvia,43,8.683786821705427,8.953420837919785,4.9013931208194075,3.4068892305183063,0.2696340162143578,0.4644411328971163
DBO4,2012_2016,Sipuncula,43,1.494624031007752,1.4585127436906475,2.206885227330208,1.518210170139353,-0.0361112873171043,-0.0418775264422686
DBO4,2012_2016,Total prey (summed),43,15.209953488372093,15.475800804540572,6.112717573594613,4.999554158619822,0.2658473161684813,-4.311943396961837e-05
DBO4,2013_2017,Polychaeta,38,5.569426710526317,5.647326880439068,4.500944584430429,3.074458616240469,0.0779001699127521,-0.0295112303007152
DBO4,2013_2017,Bivalvia,38,8.137420921052632,8.344237847696204,4.602913471702967,3.2793323820404185,0.2068169266435723,0.4585947221622767
DBO4,2013_2017,Sipuncula,38,1.851450175438597,1.9097815422262037,3.0188581282637843,2.077401219526748,0.0583313667876068,-0.4452949173453497
DBO4,2013_2017,Total prey (summed),38,15.558297807017547,15.901346270361474,6.608789864716923,5.121911522383544,0.3430484633439313,0.027566735681459065
DBO4,2016_2020,Polychaeta,41,5.554508252032521,5.566010449101534,4.177167508324405,2.743483820992531,0.0115021970690136,0.0209565368891336
DBO4,2016_2020,Bivalvia,41,8.332827764227643,8.502520573820412,4.109232509818624,3.1924051486573815,0.1696928095927685,0.5859427014911972
DBO4,2016_2020,Sipuncula,41,1.7447900406504069,1.8114240424272636,2.489341805058775,1.739357311840718,0.0666340017768571,-0.1806429402435498
DBO4,2016_2020,Total prey (summed),41,15.63212605691057,15.879955065349208,6.487971199737864,5.49711674667926,0.24782900843863948,0.0965283518565293
