site,window,taxon,source_station_rows,source_grid_cells,n_predictions,n_failures,rmse,mae,bias,observed_mean,predicted_mean,r2_cv
DBO1,1993_1997,Polychaeta,41,30,30,0,1.0715195487662825,0.8104214470203611,0.06573677178951848,1.7976666666666667,1.8634034384561855,-0.12201176786885015
DBO1,1993_1997,Bivalvia,41,30,30,0,5.743058757513904,4.241911904396098,0.28200431415166594,9.468666666666667,9.750670980818331,0.12676594800971608
DBO1,1993_1997,Sipuncula,41,30,30,0,1.2388708716097334,0.9167695772442992,0.03832459794043933,0.5873333333333334,0.6256579312737727,-0.2815484158933661
DBO1,1996_2000,Polychaeta,54,37,37,0,1.2137932579590271,0.8915042815641617,0.06436791295859896,2.406126126126126,2.4704940390847256,-0.06110167167039049
DBO1,1996_2000,Bivalvia,54,37,37,0,7.212081671854457,5.165254407932603,0.0012337072492172847,12.685090090090092,12.686323797339309,0.13173427805738813
DBO1,1996_2000,Sipuncula,54,37,37,0,0.5774233061922545,0.39174869409198243,-0.013853934635682791,0.21040540540540542,0.19655147076972262,-0.5114093459516931
DBO1,1999_2003,Polychaeta,74,37,37,0,1.2503836198788851,1.0191951281789924,0.012100008765802145,2.6020141570141577,2.6141141657799594,-0.24208455662043882
DBO1,1999_2003,Bivalvia,74,37,37,0,6.335210268871427,4.826028294033435,0.12419814756139566,12.704214929214931,12.828413076776325,0.15966093331670606
DBO1,1999_2003,Sipuncula,74,37,37,0,0.8241082618337614,0.5306645494337604,0.0003758476691945636,0.30614543114543114,0.3065212788146257,-0.22255769596103714
DBO1,2002_2006,Polychaeta,49,29,29,0,1.25151894444586,0.9926132796887338,0.006897803939948605,3.111494252873564,3.1183920568135113,0.10624775590019808
DBO1,2002_2006,Bivalvia,49,29,29,0,5.054458960240663,3.7829660839932693,0.10551158425080072,9.903781609195402,10.009293193446203,0.15765968084148363
DBO1,2002_2006,Sipuncula,49,29,29,0,0.8502052431505236,0.6164064706352611,0.014671063194891587,0.35071264367816096,0.3653837068730525,-0.25839089604158105
DBO1,2005_2009,Polychaeta,94,45,45,0,1.1179400026092752,0.9063969532467819,-0.004704052634044439,3.6183232804232803,3.6136192277892363,0.10272793653764345
DBO1,2005_2009,Bivalvia,94,45,45,0,3.5625407838397307,2.692829627261399,-0.006226350596988923,9.155283333333333,9.149056982736345,0.6352678703262046
DBO1,2005_2009,Sipuncula,94,45,45,0,0.46478797605337985,0.2630100122141479,-0.014811000614069909,0.1685079365079365,0.15369693589386663,-0.23483801572324703
DBO1,2008_2012,Polychaeta,72,42,42,0,1.3859089452766755,1.1000189641337432,-0.00988414285480841,3.726079365079365,3.716195222224557,0.14655090572036011
DBO1,2008_2012,Bivalvia,72,42,42,0,5.0136483689490525,4.030115991456732,0.23453284558688914,10.625139455782314,10.859672301369201,0.5436557989864248
DBO1,2008_2012,Sipuncula,72,42,42,0,0.11237181102056583,0.06348017520321807,-0.000520691772672206,0.037706349206349216,0.037185657433677,-0.2584400519994059
DBO1,2009_2013,Polychaeta,57,33,33,0,1.5271926379840937,1.0963984827679807,-0.04165021274846352,3.627646464646465,3.5859962518980013,0.2235365158319611
DBO1,2009_2013,Bivalvia,57,33,33,0,4.924537355662212,3.8425981616125413,0.3137098683153517,11.839939393939394,12.153649262254746,0.5979892277167524
DBO1,2009_2013,Sipuncula,57,33,33,0,0.13856018971412246,0.08030519549508,0.001043550937838158,0.04531313131313131,0.04635668225096946,-0.2607073980882846
DBO1,2011_2015,Polychaeta,25,5,5,0,1.5361735419140596,1.1223133629880102,0.3319957803435365,4.644399999999999,4.976395780343537,0.4056965473595051
DBO1,2011_2015,Bivalvia,25,5,5,0,4.790157888725529,4.034443019076864,-0.3645151476754883,7.3355999999999995,6.971084852324512,0.32164351470390273
DBO1,2011_2015,Sipuncula,25,5,5,0,0.3134741361534079,0.2708128886617499,-0.009997777145562025,0.23479999999999998,0.22480222285443796,-0.7169003140257444
DBO1,2012_2016,Polychaeta,25,5,5,0,1.7504130057935294,1.206566168503087,0.36877290128600987,4.717599999999999,5.08637290128601,0.2688710004503829
DBO1,2012_2016,Bivalvia,25,5,5,0,3.98273292354477,3.7629037080052266,0.10055887567449844,6.7732,6.873758875674499,0.2869767852664672
DBO1,2012_2016,Sipuncula,25,5,5,0,0.3017907446815381,0.2525610041954177,-0.02438448273994338,0.2,0.17561551726005664,-0.3881080151348111
DBO1,2014_2018,Polychaeta,26,6,6,0,1.3986135180907324,1.3308289792332806,-0.11626798932664584,5.070555555555556,4.95428756622891,0.798428932950333
DBO1,2014_2018,Bivalvia,26,6,6,0,3.7127342417459355,3.0991150446143187,-0.118917321198125,6.32511111111111,6.206193789912986,-1.0458987030142013
DBO1,2014_2018,Sipuncula,26,6,6,0,0.17576081063625465,0.16522758170306942,0.012421973074972045,0.08888888888888886,0.10131086196386092,-1.0865430652024326
DBO1,2017_2020,Polychaeta,21,6,6,0,1.4286916044177809,1.056560466811874,-0.33430632922354686,4.544969222222222,4.210662892998675,0.6290454466608459
DBO1,2017_2020,Bivalvia,21,6,6,0,2.243813368809241,1.6633589450796278,0.0507149106693053,6.079238111111111,6.129953021780416,0.38532479864010094
DBO1,2017_2020,Sipuncula,21,6,6,0,0.1897836973237219,0.1479807371002252,0.03832926202223689,0.05779666666666666,0.09612592868890356,-1.4292313552786888
DBO4,2007_2011,Polychaeta,164,79,79,0,2.7479276169238616,1.8201670663359997,0.06671006244296293,5.109386843114691,5.176096905557655,0.3097183737521809
DBO4,2007_2011,Bivalvia,164,79,79,0,4.2729359532996725,2.8315923585839804,0.00023637176966205526,5.502019754507096,5.502256126276758,0.42224570608433054
DBO4,2007_2011,Sipuncula,164,79,79,0,2.4853354630254265,1.7153789479491532,0.012320179343895059,1.7599144610663597,1.7722346404102547,-0.0035167203107535627
DBO4,2009_2013,Polychaeta,170,82,82,0,2.6209389697564034,1.7076112677471973,0.03660728336204622,5.0278433422149345,5.064450625576981,0.3635293741522644
DBO4,2009_2013,Bivalvia,170,82,82,0,4.373058309808475,3.026212597410878,0.15984864038696361,6.651591856254697,6.811440496641661,0.5367343294074165
DBO4,2009_2013,Sipuncula,170,82,82,0,2.208625187583901,1.5822977465386912,0.009039305501969432,1.6588662635786022,1.667905569080572,0.01937070060526025
DBO4,2010_2014,Polychaeta,138,76,76,0,2.8335793968376715,1.91234853586177,0.03417694731135637,5.122458333333333,5.15663528064469,0.35645935259489847
DBO4,2010_2014,Bivalvia,138,76,76,0,4.532009295269177,3.2652176976056575,0.09045243147057655,6.795782894736843,6.8862353262074185,0.5016127577097964
DBO4,2010_2014,Sipuncula,138,76,76,0,2.446879938640772,1.8440586237161376,0.03610832118615495,1.820032894736842,1.856141215922997,-0.004411701872594209
DBO4,2012_2016,Polychaeta,73,43,43,0,3.3837033151607914,2.392317808345196,0.03232458727122744,5.031542635658916,5.063867222930143,-0.01670517011986794
DBO4,2012_2016,Bivalvia,73,43,43,0,4.9013931208194075,3.4068892305183063,0.2696340162143578,8.683786821705427,8.953420837919785,0.4644411328971163
DBO4,2012_2016,Sipuncula,73,43,43,0,2.206885227330208,1.5182101701393533,-0.03611128731710438,1.4946240310077519,1.4585127436906475,-0.04187752644226861
DBO4,2013_2017,Polychaeta,79,38,38,0,4.500944584430429,3.074458616240469,0.0779001699127521,5.569426710526317,5.647326880439068,-0.02951123030071523
DBO4,2013_2017,Bivalvia,79,38,38,0,4.602913471702967,3.2793323820404185,0.20681692664357235,8.137420921052632,8.344237847696204,0.4585947221622767
DBO4,2013_2017,Sipuncula,79,38,38,0,3.0188581282637843,2.077401219526748,0.058331366787606885,1.851450175438597,1.9097815422262037,-0.44529491734534976
DBO4,2016_2020,Polychaeta,71,41,41,0,4.177167508324405,2.743483820992531,0.011502197069013632,5.554508252032521,5.566010449101534,0.02095653688913368
DBO4,2016_2020,Bivalvia,71,41,41,0,4.109232509818624,3.1924051486573815,0.16969280959276858,8.332827764227643,8.502520573820412,0.5859427014911972
DBO4,2016_2020,Sipuncula,71,41,41,0,2.489341805058775,1.739357311840718,0.06663400177685719,1.7447900406504067,1.8114240424272636,-0.18064294024354988
